Job name,Company,Deadline,Location
Export Manager,Artfood,18 April 2024,Yerevan
Accountant,«Դեֆանս Հաուզինգ Ինվեստ» ՓԲԸ,18 April 2024,Yerevan
Junior IT Sales Specialist,"WebWork Time Tracker, Inc.",18 April 2024,Yerevan
"Հաճախորդների մենեջեր, ք․ Հրազդան",IDBank CJSC,02 April 2024,Hrazdan
Rates-Pricing Assistant for MW Sweden,Maurice Ward Armenia,31 March 2024,Yerevan
Sales and Operations Coordinator,Maurice Ward Armenia,31 March 2024,Yerevan
English Teacher,“Academy Of Creative Explorers” LLC,18 April 2024,Yerevan
Express Van Services Coordinator,Maurice Ward Armenia,31 March 2024,Yerevan
Receptionist / Administrator,«Mounthree»,18 April 2024,Vanadzor
Revenue Management Specialist,Deluxe Technologies LLC,18 April 2024,Yerevan
Office Receptionist,Evolution,18 April 2024,Yerevan
Senior Media Buyer,iBooben Development,18 April 2024,Yerevan
Product manager,А-Медика,18 April 2024,Yerevan
Ֆինանսական հաշվետվությունների և բյուջետավորման մասնագետ,"""Telecom Armenia"" OJSC",18 April 2024,Yerevan
Medical representative,Solgar Armenia,12 April 2024,Yerevan
Graphic desinger,Sparsis Holding,18 April 2024,Yerevan
Տեխնիկական նախագծերի ղեկավար (TPM),"""Ardshinbank"" CJSC",26 March 2024,Yerevan
Լաբորանտ,EcoSense,31 March 2024,Yerevan
Gyumri Branch Manager,AMIO BANK,18 April 2024,Gyumri
Laboratory specialist,EcoSense,31 March 2024,Yerevan
Էլեկտրիկ-նախագծող,ԱՐԹ-ԳՐՈՒՊ ՍՊԸ,18 April 2024,Yerevan
Ներմուծման մենեջեր,Ադամիում,17 April 2024,Yerevan
Real estate sales/rent specialist,Calibri Real Estate Agency,18 April 2024,Yerevan
Խանութի մենեջեր,Brand Leader,18 April 2024,Nor Hachn
Ավագ հաշվապահ,Bacon Product LLC,18 April 2024,Arzni
Credit portfolio collection specialist - Visits,"LMS LLC, Loan Management Services",18 April 2024,Yerevan
Senior Network Engineer,Digitain,18 April 2024,Yerevan
ՍՐԱՀԻ ՊԱՏԱՍԽԱՆԱՏՈՒ,The LOFT,18 April 2024,Yerevan
Fixed Asset and Materials Accountant,TUMO Center for Creative Technologies,12 April 2024,Yerevan
Marketing communication Manager,Axioma Ltd,18 April 2024,Yerevan
Գլխավներոր ինժեներ,Էյ Էմ Գրուպ ՍՊԸ,18 April 2024,Yerevan
Loan Officer,CARD  AgroCredit UCO CJSC,18 April 2024,Yerevan
Հաշվապահ,VAK GROUP,18 April 2024,Yerevan
Հաշվետար,Brand Leader,18 April 2024,Yerevan
Call Centre Specialist/night shift,"""INGO ARMENIA"" Insurance CJSC",18 April 2024,Yerevan
Accountant,Freda,18 April 2024,Yerevan
Export specialist,A  M Rare,18 April 2024,Yerevan
ՏՏ աշխատակից,ECLOF Armenia,18 April 2024,Vagharshapat
Business Development Manager,ONEX LLC,31 March 2024,Yerevan
Angular Developer,Buymie,18 April 2024,Yerevan
Product manager in the passive and commission products department,VTB Bank (Armenia),18 April 2024,Yerevan
Փաստաբան պարտքերի հավաքագրման թիմում,Delex Law  firm,18 April 2024,Yerevan
Senior HR Generalist,Prime Group of Companies,18 April 2024,Yerevan
Ֆինանսական խորհրդատու՝ «Մարտունի» մասնաճյուղում,FastBank CJSC,05 April 2024,Martuni
Product manager,Yerevan Chocolate Company CJSC,17 April 2024,Yerevan
Culture and Engagement Manager,SoftConstruct,12 April 2024,Yerevan
"Senior ML engineer, Risk Modeling Division",Ameriabank CJSC,31 March 2024,Yerevan
Convergent and Fixed B2C Products Development Specialist,Viva-MTS (MTS Armenia CJSC),26 March 2024,Yerevan
IT auditor,FastBank CJSC,01 April 2024,Yerevan
Procurement Coordinator,People in Need,05 April 2024,Yerevan
Supervisor/Business Conduct Supervision Division/Microfinance Organizations and Business Conduct Supervision Department,CENTRAL BANK OF ARMENIA,02 April 2024,Yerevan
Accountant,ԱՐԹ-ԳՐՈՒՊ ՍՊԸ,17 April 2024,Yerevan
Վաճառքի բաժնի մասնագետ(վարկային մասնագետ),"""GLOBAL CREDIT"" UCO CJSC",03 April 2024,Yerevan
React Native Developer,DataArt Armenia,17 April 2024,Yerevan
Customer care representative,Tempus Group,17 April 2024,Yerevan
Personal Banker,Byblos Bank Armenia CJSC,07 April 2024,Yerevan
գանձապահ վաճառող,Շոփարթ ՍՊԸ,17 April 2024,Yerevan
Teller,Byblos Bank Armenia CJSC,07 April 2024,Yerevan
Համապատասխանության մասնագետ,Easy Pay,17 April 2024,Yerevan
sells agent,ԱՎԱՍ,17 April 2024,Hrazdan
sells agent,ԱՎԱՍ,14 April 2024,Artashat
Digital Advertising Manager (contract-based),Krisp,17 April 2024,Yerevan
Business Development Executive,Synergy International Systems,17 April 2024,Yerevan
Junior Python Software Developer,Daniam LLC,17 April 2024,Yerevan
Learning and Development Senior Specialist,Viva-MTS (MTS Armenia CJSC),27 March 2024,Yerevan
Operator,Իմպրես հաշվապահական ընկերություն,17 April 2024,Yerevan
Graphic Designer,Dalma Garden Mall,11 April 2024,Yerevan
Հաշվապահ՝ աշխատակիցների հաշվառման և աշխատավարձի հաշվարկման գործառույթներով,Հայաստանի Հաշվապահների Ասոցիացիա,17 April 2024,Yerevan
Տվյալների վերլուծության բաժնի մասնագետ,Acba Bank OJSC,17 April 2024,Yerevan
Middle HTML-CSS Mark up specialist,Digitain,31 March 2024,Yerevan
Web Products Designer,Viva-MTS (MTS Armenia CJSC),25 March 2024,Yerevan
Export specialist,Yerevan Chocolate Company CJSC,17 April 2024,Yerevan
Շենքի շահագործման տեխնիկ / Բանվոր,American University of Armenia Fund,02 April 2024,Yerevan
Մատուցող/ուհի,President Hotel,17 April 2024,Yerevan
Մաքրուհի/սպասուհի,President Hotel,17 April 2024,Yerevan
Սոցիալական աշխատող,Առաքելություն Հայաստան ԲՀԿ,24 March 2024,Yerevan
Reservation-sales agent,Deluxe Technologies LLC,17 April 2024,Yerevan
Head of  Department,Մրցակցության պաշտպանության հանձնաժողով,17 April 2024,Yerevan
SAP Basis Administrator,Acba Bank OJSC,17 April 2024,Yerevan
Quality Management System Specialist,AeroDynamics,17 April 2024,Yerevan
Document Control Specialist,AeroDynamics,17 April 2024,Yerevan
3D Printing Technician/Specialist,AeroDynamics,17 April 2024,Yerevan
Warehouse Operator,AeroDynamics,17 April 2024,Yerevan
Senior UI/UX Designer,AeroDynamics,17 April 2024,Yerevan
Hardware Test Engineer,AeroDynamics,17 April 2024,Yerevan
Senior Lawyer,AeroDynamics,17 April 2024,Yerevan
Analyst,"""INGO ARMENIA"" Insurance CJSC",17 April 2024,Yerevan
Accountant,ASK-Consult LLC,17 April 2024,Yerevan
Frond Desk Agent,President Hotel,17 April 2024,Yerevan
Logistics Sales Manager,HUMANIZZED,17 April 2024,Yerevan
Intern Sales Manager,Naghashyan Solutions,17 April 2024,Yerevan
Graphic Designer,Eachbase,17 April 2024,Yerevan
Executive assistant to the CEO,BoomTech,17 April 2024,Yerevan
Tax Consultant,KPMG Armenia LLC,17 April 2024,Yerevan
Junior IT Security Analyst / SOC Analyst,SoftConstruct,17 April 2024,Yerevan
Information Security Specialist,SoftConstruct,17 April 2024,Yerevan
Cyber Security Engineer,SoftConstruct,17 April 2024,Yerevan
Customer Support Agent (Russian Speaking),TokenWin,17 April 2024,Yerevan
Assistant of the National Director,SOS Children's Villages Armenia,30 March 2024,Yerevan
3D Motion Designer/ CG Generalist for Fastexverse,SoftConstruct,17 April 2024,Yerevan
Training Specialist (Customer Care),TokenWin,16 April 2024,Yerevan
B2B վաճառքի մենեջեր,ONE WAY TOUR,17 April 2024,Yerevan
Graphic Designer,TokenWin,17 April 2024,Yerevan
Senior Graphic Designer,TokenWin,17 April 2024,Yerevan
Game Presenter-Morning Shift,Evolution,17 April 2024,Yerevan
Cold Caller Specialist,Earlyone,17 April 2024,Yerevan
Office Maintenance Team specialist,Ameriabank CJSC,31 March 2024,Yerevan
Head of Marketing department,ARMENIA WINE FACTORY LLC,17 April 2024,Yerevan
Customer Support Agent (Turkish Language),TokenWin,17 April 2024,Yerevan
NATIONAL ALTERNATIVE CARE ADVISOR,SOS Children's Villages Armenia,17 April 2024,Yerevan
Bioinformatician / Data Scientist,Quantori Armenia,17 April 2024,Yerevan
Senior Machine Learning Engineer,Quantori Armenia,17 April 2024,Yerevan
Head of AML Division,Mellat bank,17 April 2024,Yerevan
Phone sales specialist in Vagharshapat,EFES,17 April 2024,Yerevan
Phone sales specialist,EFES,17 April 2024,Yerevan
Էլեկտրատեխնիկ,Atenk Ltd,17 April 2024,Yerevan
Voluntary insurance sales specialist,EFES,17 April 2024,Yerevan
Հիմնական միջոցների և պաշարների հաշվառման թիմի ղեկավար,Ucom,17 April 2024,Yerevan
IT Support Engineer,EFES,17 April 2024,Yerevan
Տնօրենի օգնական,ՄԼ Մայնինգ ՍՊԸ,17 April 2024,Yerevan
Marketing specialist,"""INGO ARMENIA"" Insurance CJSC",17 April 2024,Yerevan
Content Writer,FastBank CJSC,29 March 2024,Yerevan
Կորպորատիվ հաճախորդների ներգրավման մասնագետ,"""INGO ARMENIA"" Insurance CJSC",17 April 2024,Yerevan
Technical Project Manager/ VBET,SoftConstruct,17 April 2024,Yerevan
ՀոՌեԿա զարգացման պատասխանատու,Philip Morris Armenia LLC,17 April 2024,Yerevan
sales manager,SOLAR CENTRE LLC,08 April 2024,Martuni
E-sports խաղերի համակարգող,Digitain,31 March 2024,Yerevan
sales consultant,ՅՈՒՆԱՅԹԵԴ ՏԵԽՆԻԿԱԼ ՍԵՐՎԻՍ ՍՊԸ,16 April 2024,Yerevan
Embedded Software Engineer,Tauro Technologies,16 April 2024,Yerevan
ՀԱՇՎԱՊԱՀ,Triple Consulting,15 April 2024,Yerevan
Customer Care Specialist (Smart Sales software),Smart Systems LLC,15 April 2024,Yerevan
"WordPress, PHP developer",SourceCode development,15 April 2024,Yerevan
Graphic Designer/ Trainer,SmartCode,15 April 2024,Yerevan
Node.js Engineer/Trainer,SmartCode,15 April 2024,Yerevan
UI/UX Designer/Trainer,SmartCode,15 April 2024,Yerevan
Python Engineer/Trainer,SmartCode,15 April 2024,Yerevan
JavaScript Engineer/Trainer,SmartCode,15 April 2024,Yerevan
Product Manager/Trainer,SmartCode,15 April 2024,Yerevan
Full-stack Developer,Bringit Technologies,15 April 2024,Ashdod                                            (Remote)
Junior System Administrator,AeroDynamics,15 April 2024,Yerevan
Product Operations Specialist,Ameriabank CJSC,29 March 2024,Yerevan
Contact Centre Agent,HSBC Bank Armenia CJSC,29 March 2024,Yerevan
Contact Centre intern,HSBC Bank Armenia CJSC,29 March 2024,Yerevan
Head of Workshops Division,TUMO Center for Creative Technologies,14 April 2024,Yerevan
Learning Coach in Yeghegnadzor (part time),TUMO Center for Creative Technologies,14 April 2024,Yeghegnadzor
Learning Coach in Shatin (part time),TUMO Center for Creative Technologies,08 April 2024,Yeghegnadzor
Իրավաբան,"""INGO ARMENIA"" Insurance CJSC",14 April 2024,Yerevan
Internal Auditor,Digitain,14 April 2024,Yerevan
Teller (evening shift),Evocabank,31 March 2024,Yerevan
Credit Monitoring Specialist,Evocabank,31 March 2024,Yerevan
Head of Travel Department,SoftConstruct,14 April 2024,Yerevan
Senior Project Manager,Simply Technologies,14 April 2024,Yerevan
"Հաճախորդների սպասարկման մասնագետ, Արարատի մարզ",VTB Bank (Armenia),25 March 2024,Ararat
Node.js/Nest.Js  Developer,Qualldev,14 April 2024,Yerevan
Տեղեկատվական թիմի մասնագետ,FINCA UCO CJSC,04 April 2024,Yerevan
DevOps Engineer,Questrade International Inc.,12 April 2024,Yerevan
Customer Support Responsible,FastBank CJSC,25 March 2024,Artik
Պահեստի պատասխանատու,Evolution,14 April 2024,Yerevan
“Kapan” Branch Business Development Manager,FINCA UCO CJSC,04 April 2024,Kajaran
"Financial Operations Execution Automated Devices (FOEAD) Support Team, Specialist",Ameriabank CJSC,28 March 2024,Yerevan
Сook at the Asian cuisine cafe PHOBO,Soup Story,14 April 2024,Yerevan
"IT Administrator, Service Desk (all genders)",TeamViewer Armenia,14 April 2024,Yerevan
Economist,«Էրեբունի» ԲԿ,14 April 2024,Yerevan
Content Lead,Jumbo Bee,22 March 2024,Tbilisi
Chief Specialist,Մրցակցության պաշտպանության հանձնաժողով,14 April 2024,Yerevan
SMM մասնագետ,Brandon marketing,14 April 2024,Yerevan
Sales Manager,Nexolabs,14 April 2024,Yerevan
Բիզնես ուղղությունների իրավական սպասարկման վարչության իրավաբան,ՅՈՒՆԻԲԱՆԿ ԲԲԸ,14 April 2024,Yerevan
Software Development Intern / 49155BR,Synopsys Armenia,14 April 2024,Yerevan
Տեղադրման ստորաբաժանման ղեկավար,Էյ Էմ Գրուպ ՍՊԸ,14 April 2024,Yerevan
Construction Project Manager,Noah development LLC,14 April 2024,Yerevan
Հաշվապահ (արտադրության գծով),Էյ Էմ Գրուպ ՍՊԸ,14 April 2024,Yerevan
3D visualizer,Parvanyan Consulting LLC,11 April 2024,Yerevan
Digital Communications Specialist,My Forest Armenia,14 April 2024,Yerevan
Заготовщик кондитер,Gotcha.am,14 April 2024,Yerevan
Lawyer,Digitain,14 April 2024,Yerevan
Գանձապահ՝ «Նոր Գյումրի» մասնաճյուղում 18:00-01:00 աշխատաժամանակով,FastBank CJSC,22 March 2024,Gyumri
Product Manager,SoftConstruct,14 April 2024,Yerevan
3D Artist for Fastexverse,SoftConstruct,14 April 2024,Yerevan
Sales Manager,Fora Premium,14 April 2024,Yerevan
Graphic Designer,Partner Company,14 April 2024,Yerevan
Dispatcher- logist / English speaking,Garant Logistics LTD,14 April 2024,Yerevan
Գնումների և մատակարարման մենեջեր,Partner Company,14 April 2024,Yerevan
Dispatcher- logist,Garant Logistics LTD,14 April 2024,Yerevan
Աուդիտի բաժնի ղեկավար,Partner Company,14 April 2024,Yerevan
"Italian, Spanish or English Speaking Incoming Tour Manager",Armenia Holidays,14 April 2024,Yerevan
Տնօրենի օգնականի-գործավարուհու,S T SERVICE LLC,14 April 2024,Yerevan
Ֆինանսական տնօրեն,Partner Company,14 April 2024,Yerevan
Ֆինանսական վերլուծությունների և հաշվետվությունների բաժնի ղեկավար,"""INGO ARMENIA"" Insurance CJSC",14 April 2024,Yerevan
Sales Specialist,"""INGO ARMENIA"" Insurance CJSC",14 April 2024,Yerevan
Специалист по сбору информации,2GIS,14 April 2024,Yerevan
Mid+ Automation/Manual QA Engineer,Ameriabank CJSC,28 March 2024,Yerevan
Sales manager,S.A.V. GROUP LLC,31 March 2024,Yerevan
Հաճախորդների սպասարկման մասնագետ (Վարդենիս մասնաճյուղ),Acba Bank OJSC,01 April 2024,Vardenis
Lead Data Scientist,BUILG,14 April 2024,Yerevan
Data Engineer,BUILG,14 April 2024,Yerevan
Jira Administrator,Digitain,14 April 2024,Yerevan
Problem Manager,Digitain,14 April 2024,Yerevan
Change Management Specialist,Digitain,14 April 2024,Yerevan
Change and Release Management Unit Manager,Digitain,14 April 2024,Yerevan
Content Management Specialist,Digitain,14 April 2024,Yerevan
Product Trainer,Digitain,14 April 2024,Yerevan
Contact Center Specialist,Digitain,14 April 2024,Yerevan
International Customer Support Specialist (Chinese),Digitain,14 April 2024,Yerevan
International Customer Support Specialist (Turkish),Digitain,14 April 2024,Yerevan
International Customer Support Specialist,Digitain,14 April 2024,Yerevan
Ավագ հաշվապահ,Էյ Էմ Գրուպ ՍՊԸ,14 April 2024,Yerevan
International Customer Support Specialist (Spanish),Digitain,14 April 2024,Yerevan
Առաքման ծառայության աշխատակից,"""Նատալի Ֆարմ Դեղատուն՛՛ ՍՊԸ",14 April 2024,Yerevan
Գրաֆիկ դիզայներ,Bacon Product LLC,14 April 2024,Arzni
Բիզնես գործընթացների կառավարման և մեթոդոլոգիայի ուղղության պատասխանատու,"""Ardshinbank"" CJSC",25 March 2024,Yerevan
SMM Manager,Fast Shift LLC,14 April 2024,Yerevan
Իրավախորհրդատու (դատական հարցերով),"""Telecom Armenia"" OJSC",14 April 2024,Yerevan
Իրավախորհրդատու (Ընդհանուր հարցերով),"""Telecom Armenia"" OJSC",14 April 2024,Yerevan
"Հաճախորդների սպասարկման մասնագետ, ք. Չարենցավան",VTB Bank (Armenia),14 April 2024,Charentsavan
"""Մեղրի"" մասնաճյուղում Գանձապահ/Վարկային Մասնագետ / Բիզնեսի զարգացման մենեջեր",FINCA UCO CJSC,04 April 2024,Meghri
"Junior specialist,  Payment Instruments and Escrow Division",Ameriabank CJSC,25 March 2024,Yerevan
Economic Development Project Officer,Jinishian Memorial Foundation,14 April 2024,Yerevan
Գանձապահ՝ «Չարենցավան» մասնաճյուղում 13:00-22:00 աշխատաժամանակով,FastBank CJSC,14 April 2024,Charentsavan
Գանձապահ՝ «Չարենցավան» մասնաճյուղում 10:00-19:00 աշխատաժամանակով,FastBank CJSC,14 April 2024,Charentsavan
Գանձապահ՝ «Չարենցավան» մասնաճյուղում 09:00-18:00 աշխատաժամանակով,FastBank CJSC,14 April 2024,Charentsavan
Տեխնիկական աջակցման բաժնի մասնագետ,IDBank CJSC,29 March 2024,Yerevan
Mobile Sales and Service Specialist in Shirak region,Viva-MTS (MTS Armenia CJSC),29 March 2024,Bagratashen
Аналитик-разработчик (удаленно),WILDBERRIES LLC,13 April 2024,Yerevan                                            (Remote)
Middle Backend Developer (Laravel),Jumbo Bee,19 March 2024,Tbilisi
Ավագ հաշվետար,"""Telecom Armenia"" OJSC",13 April 2024,Yerevan
Macroeconomist/Monetary Policy Department/Macroeconomic Directorate,CENTRAL BANK OF ARMENIA,13 April 2024,Dilijan
Кладовщик ТЦ МЕГА МОЛЛ,SPORTMASTER,13 April 2024,Yerevan
Գանձապահ Upay ընկերությունում ք․ Եղեգնաձոր,Ucom,13 April 2024,Yerevan
Data Extraction/Technical Content Editor,Altacode,13 April 2024,Yerevan
Продавец,SPORTMASTER,13 April 2024,Yerevan
Accounting clerk,«Ռեստ Կոնցեպտ» ՍՊԸ,13 April 2024,Yerevan
Իրավաբան,Արատտա Քընսալթինգ,13 April 2024,Yerevan
Փոքր բիզնեսի հաճախորդների ներգրավման մենեջեր,VTB Bank (Armenia),13 April 2024,Yerevan
Թվային մարքեթինգի մասնագետ,Brandon marketing,13 April 2024,Yerevan
Manager,Coffee House Company,13 April 2024,Yerevan
"Team Lead, IT Service Desk (all genders)",TeamViewer Armenia,13 April 2024,Yerevan
Թվային հարթակների սպասարկման մասնագետ,Ucom,31 March 2024,Yerevan
Junior Accountant/ Assistant to Accounting department,Globalink Logistics DWC LLC Armenian Branch,12 April 2024,Yerevan
Communications Specialist,Coca-Cola Hellenic Bottling Company Armenia,31 March 2024,Yerevan
Engineer at the hotel,Keygo,13 April 2024,Yerevan
"Հաճախորդների սպասարկման առաջատար մասնագետ, « «Կենտրոն» մ/ճ, 12 ժամյա գրաֆիկ",IDBank CJSC,02 April 2024,Yerevan
Partner Success Manager,Relum,13 April 2024,Yerevan
"Հաճախորդների մենեջեր , «Կենտրոն» մ/ճ",IDBank CJSC,02 April 2024,Yerevan
Հաշվետար,Բեստ Ֆրենդս ՍՊԸ,13 April 2024,Yerevan
Retail Business Change Senior Specialist,Ameriabank CJSC,25 March 2024,Yerevan
Senior Python developer,Simply Technologies,03 April 2024,Yerevan
Business Development Manager,Simply Technologies,13 April 2024,Yerevan
"Senior specialist, Financial Risks Management Division",Ameriabank CJSC,25 March 2024,Yerevan
Administrative assistant,BANA Angels,12 April 2024,Yerevan
Product Manager,FINCA UCO CJSC,05 April 2024,Yerevan
Outbound tourism manager,Bright Tour LLC,13 April 2024,Yerevan
Մաքրուհի,«Դարֆ» ՍՊԸ,13 April 2024,Yerevan
“Talin” Branch Credit Officer/Business Development Manager,FINCA UCO CJSC,21 March 2024,Talin
Senior Accountant,SOUTH GATE CJSC,13 April 2024,Yerevan
Judicial Acts Enforcement Assurance Junior Lawyer,Viva-MTS (MTS Armenia CJSC),27 March 2024,Yerevan
Գանձապահ,«Դարֆ» ՍՊԸ,13 April 2024,Yerevan
Middle .NET Developer with some DevOps responsibilities,DataArt Armenia,12 April 2024,Yerevan
Medical Officer,“MÉDECINS DU MONDE” Association - Representation in Armenia,01 April 2024,Yerevan
"Strong Middle .NET Developer, Tickets Selling System",DataArt Armenia,12 April 2024,Yerevan
Sales and Service Specialist in Gyumri 1 SC,Viva-MTS (MTS Armenia CJSC),22 March 2024,Gyumri
Sales and Service Specialist in Yerevan SC (On Shift),Viva-MTS (MTS Armenia CJSC),28 March 2024,Yerevan
Appliance Salesman,Food Depot LLC,13 April 2024,Yerevan
Digital Marketing Specialist,Jellyfish Yerevan,13 April 2024,Yerevan
Chief Leasing Development Specialist,AMIO BANK,13 April 2024,Yerevan
Մարքեթոլոգ,«Էրեբունի» ԲԿ,13 April 2024,Yerevan
Digital Marketing Specialist/SMM,Սովռանո ՍՊԸ,13 April 2024,Yerevan
Sales manager,Food Depot LLC,13 April 2024,Yerevan
Մերչենդայզեր,Սովռանո ՍՊԸ,13 April 2024,Yerevan
Head of Sales Department of Construction Materials,MTK LLC,13 April 2024,Yerevan
Partner Development Manager | Portuguese Speaking,Digitain,31 March 2024,Yerevan
Romanian Translator,Digitain,31 March 2024,Yerevan
Korean Translator,Digitain,31 March 2024,Yerevan
DevOps Engineer (Windows),Digitain,31 March 2024,Yerevan
Procurement Specialist,Digitain,31 March 2024,Yerevan
Վաճառքի մասնագետ,New City Projects,13 April 2024,Tsaghkadzor
Առցանց վաճառքի պատասխանատու,"""GLOBAL CREDIT"" UCO CJSC",31 March 2024,Yerevan
Middle Front-End Developer,Ashstone Studios,13 April 2024,Yerevan
Խմբագիր-սրբագրիչ,Zangak Publishing House,13 April 2024,Yerevan
Ստուգումների համակարգող,Հայաստանի Հաշվապահների Ասոցիացիա,13 April 2024,Yerevan
Final Evaluation on “Community Poverty Reduction Know-How” three-year project,Caucasus Research Resource Center (CRRC),28 March 2024,Yerevan
Senior accountant,Ֆրիվեյ Ֆայնանս ՓԲԸ,13 April 2024,Yerevan
Office Manager,Prokat.am,10 April 2024,Yerevan
Հաշվետար,Սովռանո ՍՊԸ,13 April 2024,Yerevan
Շուկայի զարգացման պատասխանատու,Սովռանո ՍՊԸ,13 April 2024,Yerevan
Մարդկային Ռեսուրսների Կառավարման բաժնի ավագ մասնագետ,Սովռանո ՍՊԸ,13 April 2024,Yerevan
Account Manager (English and Turkish languages),SoftConstruct,31 March 2024,Yerevan
Տեխնիկական աջակցման մասնագետ,"""Telecom Armenia"" OJSC",13 April 2024,Yerevan
Senior DevOps Engineer,Nexolabs,12 April 2024,Yerevan                                            (Remote)
C# Software Engineer/Trainer,SmartCode,12 April 2024,Yerevan
Java Engineer/Trainer,SmartCode,12 April 2024,Yerevan
Rewrite,ԱՁ Դավիթ Մարուքյան,10 April 2024,Yerevan                                            (Remote)
Card Operations Appeal and Monitoring Unit Specialist,IDBank CJSC,12 April 2024,Yerevan
Card Operations Appeal and Monitoring Unit Specialist (evening and night shift),IDBank CJSC,29 March 2024,Yerevan
Tour Manager,Galaxy Group of Companies,12 April 2024,Yerevan
Engineer /Corporate Services Directorate /Facility Management Department,CENTRAL BANK OF ARMENIA,31 March 2024,Yerevan
B2B Sales Representative,4u.am,31 March 2024,Yerevan
Կորպորատիվ բիզնեսի վարկային ռիսկերի գնահատման բաժնի առաջատար / գլխավոր մասնագետ,IDBank CJSC,29 March 2024,Yerevan
Մանրածախ խնդրահարույց ակտիվների վերադարձման բաժնի մասնագետ,IDBank CJSC,29 March 2024,Yerevan
Customer Success Specialist,Earlyone,12 April 2024,Yerevan
"SENIOR PROJECT MANAGER (Project Management, Digital Transformation, Business Transformation)",FINCA UCO CJSC,27 March 2024,Yerevan
Accountant,Alias LLC,12 April 2024,Yerevan
Վճարային քարտերով գործարքների մոնիթորինգի խմբի գլխավոր մասնագետ,"""Ardshinbank"" CJSC",21 March 2024,Yerevan
ՓՄՁ բիզնեսի թիմի վերլուծաբան/Երևան,"""Ardshinbank"" CJSC",20 March 2024,Yerevan
ՓՄՁ բիզնեսի թիմի վերլուծաբան/Իջևան,"""Ardshinbank"" CJSC",20 March 2024,Ijevan
ՓՄՁ բիզնեսի թիմի վերլուծաբան/Արմավիր,"""Ardshinbank"" CJSC",20 March 2024,Armavir
Ֆինանսական խորհրդատու/Ապարան մասնաճյուղ,"""Ardshinbank"" CJSC",20 March 2024,Aparan
Վարկային մասնագետ/Տավուշ մասնաճյուղ,"""Ardshinbank"" CJSC",20 March 2024,Berd
Սրահի մենեջեր/Վարդենիս մասնաճյուղ,"""Ardshinbank"" CJSC",21 March 2024,Vardenis
Freelance recruiter,Freedom Broker Armenia,12 April 2024,Yerevan                                            (Remote)
Հաճախորդների հետ հարաբերությունների վարչության պետ,ՅՈՒՆԻԲԱՆԿ ԲԲԸ,12 April 2024,Yerevan
Credit portfolio collection specialist,"LMS LLC, Loan Management Services",12 April 2024,Yerevan
Data analyst,AMIO BANK,12 April 2024,Yerevan
Տնտեսվար,"""Նատալի Ֆարմ Դեղատուն՛՛ ՍՊԸ",12 April 2024,Yerevan
IT Business Analyst,Ameriabank CJSC,26 March 2024,Yerevan
Leasing specialist,«Արմենիան Լիզինգ Քամփնի» ՈՒՎԿ ՓԲԸ,12 April 2024,Yerevan
Middle .NET Developer,Digitain,12 April 2024,Yerevan
Անվտանգության ծառայության ֆինանսական և տնտեսական անվտանգության բաժնի մասնագետ,IDBank CJSC,29 March 2024,Yerevan
Support Specialist,InnoTech Group LLC,12 April 2024,Yerevan
Molecular biologist (Tumor Molecular Analytics),BostonGene Technologies,12 April 2024,Yerevan
Custodian / Հավաքարար,American University of Armenia Fund,31 March 2024,Yerevan
Engineering & Maintenance Supervisor,Jermuk International Pepsi-Cola Bottler LLC,12 April 2024,Yerevan
"Borrowers’ Financial Analysis Specialist, Corporate Lending Financial Analysis Division",Ameriabank CJSC,25 March 2024,Yerevan
Ընդունարանի աշխատակից,ԻՐԱ Մեդիքլ Գրուպ ՓԲԸ,12 April 2024,Yerevan
Արտադրական ստորաբաժանման հաշվետար,Էյ Էմ Գրուպ ՍՊԸ,12 April 2024,Yerevan
Logistics Specialist,"""Zangezur Copper Molybdenum Combine"" cjsc",29 March 2024,Yerevan
Հաշվապահ-ֆինանսիստ,ISTAK,12 April 2024,Yerevan
Customer Support Agent,Deluxe Technologies LLC,12 April 2024,Yerevan
Ոսկերիչ գնահատողի օգնական՝ «Աբովյան» մասնաճյուղում,FastBank CJSC,22 March 2024,Abovyan
PAID INTERNSHIP FOR EBRD ANNUAL CONFERENCE 2024,818 Consulting,12 April 2024,Yerevan
Call Center Agent,EcoVille LLC,12 April 2024,Yerevan
.Net Software Engineer - Mid II Level,Fortra Armenia,01 April 2024,Yerevan
Վիդեո Մոնտաժող,FastMedia,12 April 2024,Yerevan
Առաքման բաժնի կորդինատոր,Պռոշյանի Կոնյակի գործարան ՍՊԸ,12 April 2024,Yerevan
Internal audit service specialist,Իդրամ ՍՊԸ,12 April 2024,Yerevan
Office Manager,Telcell,12 April 2024,Yerevan
Հաշվապահ,Կատրան ՍՊԸ,12 April 2024,Yerevan
Գանձապահ՝ «Հրազդան» մասնաճյուղում 18:00-01:00 աշխատաժամանակով,FastBank CJSC,22 March 2024,Hrazdan
Team Lead AML Monitoring,Wallet,12 April 2024,Yerevan                                            (Remote)
Գանձապահ՝ «Վեդի» մասնաճյուղում՝ 10։00-19։00 աշխատաժամանակով,FastBank CJSC,22 March 2024,Vedi
UI/UX Designer,Ashstone Studios,10 April 2024,Yerevan
Թվային մարքեթինգի մասնագետ,Aras Food LLC,12 April 2024,Yerevan
Գիշերային հերթափոխով գանձապահ՝ «Աշտարակ» մասնաճյուղում,FastBank CJSC,22 March 2024,Ashtarak
Գանձապահ՝ «Վեդի» մասնաճյուղում՝ 18։00-01։00 աշխատաժամանակով,FastBank CJSC,22 March 2024,Vedi
Financial specialist,Chronograph,31 March 2024,Yerevan
Sales Assistant,AKCENT SHOP,12 April 2024,Yerevan
Վարորդ-առաքիչ,Aras Food LLC,12 April 2024,Yerevan
CRM Product Analyst,VTB Bank (Armenia),12 April 2024,Yerevan
Վաճառքի մենեջեր,Mane Tiles,12 April 2024,Ararat
Senior UI/UX Designer,FastBank CJSC,12 April 2024,Yerevan
Database Administrator,Digitain,31 March 2024,Yerevan
QA Team Lead,Digitain,31 March 2024,Yerevan
Technical Lead,Digitain,31 March 2024,Yerevan
Senior .NET Developer,Digitain,31 March 2024,Yerevan
Lawyer in Judicial Unit of Legal Department,FINCA UCO CJSC,21 March 2024,Yerevan
ՏՏ բաժնի ղեկավար,"""Mehrabyan  and Sons"" LLC",12 April 2024,Yerevan
Ավագ Հաշվապահ,TML CONSULTING LLC,12 April 2024,Yerevan
IT Auditor,Acba Bank OJSC,27 March 2024,Yerevan
Senior .Net Developer,InConcept Labs | Software Development Company,11 April 2024,Yerevan
Photography Training Lead,TUMO Center for Creative Technologies,11 April 2024,Yerevan
Training Team Manager,TUMO Center for Creative Technologies,11 April 2024,Yerevan
SMM Specialist/Strategy and Governance Directorate/Public Relation Service,CENTRAL BANK OF ARMENIA,26 March 2024,Yerevan
Սրահի Մենեջեր - Խորհրդատու Վաճառողուհի,«ԻՆՏԵՐ ԱԿՎԱ ԳՐՈՒՊ» ՍՊԸ,11 April 2024,Yerevan
Accountant,Երվադա ՍՊԸ,11 April 2024,Yerevan
AI Internship / AI Residency Program,Metric,24 March 2024,Yerevan
D2D Sales,SOLARON,11 April 2024,Yerevan
Accountant,ԱյԹի Ռիփորթս ՍՊԸ - IT Reports LLC,11 April 2024,Yerevan
Junior Content Writer,10Web,11 April 2024,Yerevan
Վաճառքի և սպասարկման մասնագետ ք․ Չարենցավան,Ucom,11 April 2024,Charentsavan
2D Motion Animator,FastMedia,11 April 2024,Yerevan
Junior Accountant,ԱյԹի Ռիփորթս ՍՊԸ - IT Reports LLC,11 April 2024,Yerevan
Junior Manual Tester/QA (remote),DevsData LLC,11 April 2024,Armenia (All cities)                                            (Remote)
Խորհրդատու-վաճառողուհի,ՄԵԿ կահույքի սրահ,05 April 2024,Yerevan
Inbound Communication Team Specialist (Contact Center),Ameriabank CJSC,31 March 2024,Yerevan
Technical Lead/Project Manager,zealous,11 April 2024,Yerevan
Կոմերցիոն բաժնի մասնագետ,GN LLC,11 April 2024,Yerevan
Sales and Relationship Manager,Ameriabank CJSC,25 March 2024,Yerevan
"Outbound team (Sales team) specialist, Contact Center",Ameriabank CJSC,31 March 2024,Yerevan
"Teller, Yerevan branch network",Ameriabank CJSC,31 March 2024,Yerevan
"Client Manager, Yerevan branch network",Ameriabank CJSC,31 March 2024,Yerevan
Microbiologist,Liqvor CJSC,11 April 2024,Yerevan
Specialist in the Department of Drug Registrations,Liqvor CJSC,11 April 2024,Yerevan
Accountant,Liqvor CJSC,11 April 2024,Yerevan
Junior Manual QA Engineer,Zoomerang,11 April 2024,Yerevan
Call centre representative,Freedom Broker Armenia,11 April 2024,Yerevan
Սերվերային համակարգերի և ցանցերի ուղղության թիմի ղեկավար,"""Ardshinbank"" CJSC",20 March 2024,Yerevan
Accountant,SCHNEIDER GROUP LLC,11 April 2024,Yerevan
Junior Java Engineer,AeroDynamics,11 April 2024,Yerevan
Հաշվետար,ԵրՄՄԳՀԻ,11 April 2024,Yerevan
Metodologist/Financial System Regulation Department /Banking System Regulation Division,CENTRAL BANK OF ARMENIA,26 March 2024,Yerevan
Արտադրամասի պետ,Սեմուր ընդ Կո ՍՊԸ,11 April 2024,Yeghvard
Հաշվապահ՝ կադրերի և աշխատավարձի հաշվառման գծով,Paulaner,11 April 2024,Yerevan
Chain Manager,Free Style Group,11 April 2024,Yerevan
Կոմերցիոն ապրանքների վաճառքի մասնագետ,"""Telecom Armenia"" OJSC",11 April 2024,Yerevan
Accountant,"ООО ""ТУРОПЕРАТОР ПАК ГРУП""",11 April 2024,Yerevan
Ֆինանսական խորհրդատու՝ «Կապան» մասնաճյուղում,FastBank CJSC,20 March 2024,Kapan
Ֆինանսական խորհրդատու՝ «Աբովյան» մասնաճյուղում,FastBank CJSC,20 March 2024,Abovyan
Ֆինանսական խորհրդատու՝ «Գյումրի» մասնաճյուղում,FastBank CJSC,20 March 2024,Gyumri
Գործարքների պրոցեսինգի մասնագետ,FastBank CJSC,20 March 2024,Yerevan
Head of Business Development and Partnership Department,Armenian Card CJSC,11 April 2024,Yerevan
Զեղծարարությունների դիտարկման մասնագետ,FastBank CJSC,20 March 2024,Yerevan
Ադմինիստրատիվ Օգնական,Հայաստանի Հաշվապահների Ասոցիացիա,11 April 2024,Yerevan
Վարկային մասնագետ Մասիս մասնաճյուղում,AREGAK UCO CJSC,25 March 2024,Masis
Accountant/Tax Advisor,BDO Armenia CJSC,11 April 2024,Yerevan
Affiliate Manager,SoftConstruct,31 March 2024,Yerevan
Audit Assistant,BDO Armenia CJSC,11 April 2024,Yerevan
Ոսկերիչ-գնահատող՝ Նոր Գյումրի մասնաճյուղում,FastBank CJSC,20 March 2024,Gyumri
Receptionist,InSport Wellness center,11 April 2024,Yerevan
Grapic Designer,Davel Creative Agency,11 April 2024,Yerevan
React Native Upper Mid Developer,Flexy Global,10 April 2024,Yerevan
Junior Cybersecurity Specialist - Incident Response,Questrade International Inc.,08 April 2024,Yerevan
Մոնիթորինգի ծառայության մասնագետ,FastBank CJSC,20 March 2024,Yerevan
Ֆինանսական գործարքների վարման և թղթակցային հաշիվների վարման  բաժնի պետ,VTB Bank (Armenia),20 March 2024,Yerevan
"Սրահի ադմինիստրատոր, ք. Աբովյան",VTB Bank (Armenia),10 April 2024,Abovyan
Lawyer,Spayka LLC,10 April 2024,Yerevan
գանձապահ-հաշվետար,ՅՈՒՆԻՓՈՒԼ ՍՊԸ,10 April 2024,Yerevan
Branch Operations Manager,Think Engineering,10 April 2024,Yerevan
Junior lawyer,Spayka LLC,10 April 2024,Yerevan
Փորձնակ «Արարատ» մասնաճյուղում,FINCA UCO CJSC,21 March 2024,Ararat
Recruiter,"""Max Station"" LLC",10 April 2024,Yerevan
Accounts Payable Specialist,The Alexander Yerevan Hotel,10 April 2024,Yerevan
“Armavir” Branch Credit Officer/Business Development Manager,FINCA UCO CJSC,21 March 2024,Armavir
Ֆիրմային խանութների ղեկավար,Atenk Ltd,06 April 2024,Yerevan
Mid IOS Developer,Codulate,10 April 2024,Yerevan
Engineering Manager,PIN-UP Global,31 March 2024,Yerevan
"Էներգոհամակարգերի ճարտարագետ, Գյումրի","""Telecom Armenia"" OJSC",10 April 2024,Gyumri
Customer Support Customer Support Responsible/Armavir 17:00-21:00 or 18:00-22:00,FastBank CJSC,20 March 2024,Armavir
Офисный сотрудник,AFC,10 April 2024,Yerevan
Business assistant,Alpha Group,31 March 2024,Yerevan
Office Operations Specialist,Big Projects,10 April 2024,Yerevan
Պլաստիկ քարտերի վարչության Սպասարկման բաժնի  գլխավոր մասնագետ,ARMECONOMBANK OJSC,10 April 2024,Yerevan
Գանձապահ,TotoGaming,10 April 2024,Yerevan
Հյուրընկալ,TotoGaming,10 April 2024,Yerevan
Հյուրընկալ Աշտարակ,TotoGaming,10 April 2024,Ashtarak
Ռեստորանի Բրենդ Մենեջեր,TotoGaming,10 April 2024,Yerevan
Product Marketing Manager,Digitain,10 April 2024,Yerevan
B2C Business Analyst,Digitain,10 April 2024,Yerevan
Վաճառող - գանձապահ,Gotcha.am,10 April 2024,Yerevan
Customer Support Responsible,FastBank CJSC,20 March 2024,Gyumri
Լոգիստիկայի մասնագետ,Atenk Ltd,10 April 2024,Yerevan
Senior DevOps Engineer/Cloud Architect,Codulate,10 April 2024,Yerevan
"Plant Health, Safety & Environment Lead",Coca-Cola Hellenic Bottling Company Armenia,31 March 2024,Yerevan
Product Manager,VTB Bank (Armenia),10 April 2024,Yerevan
Financial Analyst,VTB Bank (Armenia),10 April 2024,Yerevan
Translator,SAS Group,10 April 2024,Yerevan
Գլխավոր հաշվապահ,Genacvale Tavern,10 April 2024,Yerevan
Armenian Speaking Interactions Specialist,Robin the Robot,10 April 2024,Yerevan
CRM Bitrix,AMS LLC,10 April 2024,Yerevan
Senior Regulatory Compliance Manager,Freedom Broker Armenia,10 April 2024,Yerevan
Marketing Manager,Uraaa.com,05 April 2024,Yerevan
Internship Customer Service,Joomag,10 April 2024,Yerevan
Դատական բռնագանձման բաժնի մասնագետ,VTB Bank (Armenia),31 March 2024,Yerevan
Իրավաբան,VTB Bank (Armenia),31 March 2024,Yerevan
Tour guide,ARMENIA WINE FACTORY LLC,10 April 2024,Ashtarak
Restaurant Manager,MBG Group LLC,28 March 2024,Yerevan
Night-Shift Receptionist,Hotel Aviatrans,10 April 2024,Yerevan
Danish Speaking Sales Assistant,Maurice Ward Armenia,10 April 2024,Yerevan
"Software Engineer, Quantitative Development Team",Teza Technologies,10 April 2024,Yerevan
Թվային պրոդուկտների գլխավոր ղեկավար (Chief Product Officer),"""Telecom Armenia"" OJSC",10 April 2024,Yerevan
Վաճառքի և սպասարկման մասնագետ ք․ Ապարան,Ucom,10 April 2024,Aparan
Clinical analyst (oncology),BostonGene Technologies,10 April 2024,Yerevan
Clinical analyst (hematology),BostonGene Technologies,10 April 2024,Yerevan
Junior analyst - Molecular biologist,BostonGene Technologies,10 April 2024,Yerevan
Content specialist (Բովանդակության համակարգող) /փոխարինող/,Հայաստանում ֆրանսիական համալսարան/ French University in Armenia (UFAR),21 March 2024,Yerevan
Caviste,Food Depot LLC,10 April 2024,Yerevan
Հաշվապահ,Finup,10 April 2024,Yerevan
ASIC Physical Design Engineer/ 48414BR,Synopsys Armenia,10 April 2024,Yerevan
AML Transaction Monitoring Analyst,Freedom Broker Armenia,10 April 2024,Yerevan
Sales Specialist,Linz Optic ZEISS Vision Expert,08 April 2024,Yerevan
Հայոց լեզվի և գրականության ուսուցիչ,Ayb School,10 April 2024,Yerevan
"Սրահի ադմինիստրատոր, ք. Մասիս",VTB Bank (Armenia),10 April 2024,Masis
Senior C++ Developer (Algorithms),Align Technology,10 April 2024,Yerevan
Customer Support Responsible/Vanadzor 17:00-21:00 or 18:00-22:00,FastBank CJSC,20 March 2024,Vanadzor
Русскоязычный Game Presenter,Evolution,10 April 2024,Yerevan
Շուկայի զարգացման պատասխանատու,Bacon Product LLC,10 April 2024,Arzni
Վաճառքի մասնագետ,Autofan AC LLC,10 April 2024,Yerevan
Առաքիչ,Bacon Product LLC,10 April 2024,Arzni
Մարքեթինգի ավագ մասնագետ,Bacon Product LLC,10 April 2024,Arzni
Ապառիկ վաճառքի գծով մասնագետ ք․ Հրազդան,VTB Bank (Armenia),31 March 2024,Hrazdan
Sports Trader,Digitain,10 April 2024,Yerevan
Կոնտակտային կենտրոնի մասնագետ,VTB Bank (Armenia),31 March 2024,Yerevan
Վաճառքի մասնագետ,VTB Bank (Armenia),31 March 2024,Yerevan
Ապառիկ վաճառքի գծով մասնագետ,VTB Bank (Armenia),31 March 2024,Yerevan
Financial Analyst,Coffee House Company,10 April 2024,Yerevan
Sales specialist,Էյչ Վի Էյ Սի Գրուպ ՍՊԸ,10 April 2024,Yerevan
Product Data Analyst,Ameriabank CJSC,31 March 2024,Yerevan
Գանձապահ՝ «Գյումրի» մասնաճյուղում/ցերեկային հերթափոխով,FastBank CJSC,20 March 2024,Gyumri
Senior Datacenter Network Engineer,Viva-MTS (MTS Armenia CJSC),27 March 2024,Yerevan
Mid .NET Developer,Ameriabank CJSC,31 March 2024,Yerevan
Delivery driver,Էյչ Վի Էյ Սի Գրուպ ՍՊԸ,10 April 2024,Yerevan
Senior Network Engineer,Viva-MTS (MTS Armenia CJSC),27 March 2024,Yerevan
Senior .NET Developer,Ameriabank CJSC,31 March 2024,Yerevan
Հասանելիությունների վերահսկման մասնագետ,Digitain,25 March 2024,Yerevan
Ներքին անվտանգության տեսահսկման մասնագետ,Digitain,25 March 2024,Yerevan
Internal Security Video Monitoring Specialist,Digitain,25 March 2024,Yerevan
Experienced iOS Developer,Simply Technologies,21 March 2024,Yerevan
Digital Marketing Specialist,Azarian Growth Agency,10 April 2024,Yerevan                                            (Remote)
Senior UI/UX Team Lead,Azarian Growth Agency,10 April 2024,Yerevan
Content Writer,Azarian Growth Agency,10 April 2024,Yerevan
HR Manager,EXPOCORE HOTEL,10 April 2024,Yerevan
Receptionist,EXPOCORE HOTEL,10 April 2024,Yerevan
Assistant to Project Manager,Daniam LLC,09 April 2024,Yerevan
Թվային պրոդուկտների վերլուծաբան,"""Telecom Armenia"" OJSC",09 April 2024,Yerevan
Junior Talent Acquisition Specialist,DevsData LLC,09 April 2024,Armenia (All cities)                                            (Remote)
Service Manager Assistant,Fine Service LLC,08 April 2024,Yerevan
Սպասարկման կենտրոնի ղեկավար/աշխատակից,OAZIS COMPUTER LLC,31 March 2024,Yerevan
Sales manager,Սփիք ՍՊԸ,08 April 2024,Yerevan
Games Quality Verification Specialist,Digitain,08 April 2024,Yerevan
Live Games Planning Specialist,Digitain,08 April 2024,Yerevan
Համալրման մասնագետ,Atenk Ltd,01 April 2024,Yerevan
Head of the sales department,Ֆրոզեն Միթ ՍՊԸ,07 April 2024,Yerevan
Quality manager,Թամարա ՍՊԸ,07 April 2024,Abovyan
Accountant,Ադամիում,07 April 2024,Yerevan
Marketing Data Analyst,Abramyan Marketing Group (AMG),07 April 2024,Las Vegas                                            (Remote)
Junior Marketing Copywriter/Strategist,Abramyan Marketing Group (AMG),07 April 2024,Las Vegas                                            (Remote)
Occupational Health & Safety and Fire Safety Specialist,Evolution,22 March 2024,Yerevan
Loss Prevention associate,Republica hotel Yerevan,06 April 2024,Yerevan
Կորպորատիվ հաճախորդների հետ աշխատանքներ  ֆինանսական խորհրդատու,"""Ardshinbank"" CJSC",20 March 2024,Yerevan
Content Writer (contract-based),Krisp,06 April 2024,Yerevan                                            (Remote)
Chinese Speaking Development Specialist,Maurice Ward Armenia,22 March 2024,Yerevan
Development Specialist for Indian Market,Maurice Ward Armenia,22 March 2024,Yerevan
Valet Parking Attendant,The Alexander Yerevan Hotel,06 April 2024,Yerevan
DevOps Engineer,Helix Consulting,06 April 2024,Yerevan
Flight attendant,FlyOne Armenia,06 April 2024,Yerevan
Հաշվապահ,Brandon marketing,06 April 2024,Yerevan
ArmSoft Developer,Evocabank,24 March 2024,Yerevan
Content Moderation Associate,LIST GROUP,06 April 2024,Yerevan
Խոշոր բիզնեսի բաժնի գլխավոր մենեջեր,IDBank CJSC,29 March 2024,Yerevan
Կայանների տեղակայման գործակալ,Ucom,06 April 2024,Yerevan
Microbusiness chief client manager,IDBank CJSC,29 March 2024,Yerevan
Logistics Specialist,Էքսպրես Լոջիսթիքս,06 April 2024,Yerevan
Կորպորատիվ հաճախորդների հետ հարաբերությունների զարգացման համակարգող,Telcell,06 April 2024,Yerevan
Գանձապահ «Գորիս» մասնաճյուղում,FINCA UCO CJSC,21 March 2024,Masis
Ինժեներ նախագծող,ITAL SOLAR,06 April 2024,Yerevan
Նախաորակավորման ծրագիր/Թալին,"""Ardshinbank"" CJSC",24 March 2024,Talin
Նախաորակավորման ծրագիր/Վարդենիս,"""Ardshinbank"" CJSC",24 March 2024,Vardenis
Նախաորակավորման ծրագիր/Սևան,"""Ardshinbank"" CJSC",24 March 2024,Sevan
Նախաորակավորման ծրագիր/Ջերմուկ,"""Ardshinbank"" CJSC",24 March 2024,Jermuk
Նախաորակավորման ծրագիր/Մեղրի,"""Ardshinbank"" CJSC",24 March 2024,Meghri
Նախաորակավորման ծրագիր/Մարտունի,"""Ardshinbank"" CJSC",24 March 2024,Martuni
Նախաորակավորման ծրագիր/Հրազդան,"""Ardshinbank"" CJSC",24 March 2024,Hrazdan
Նախաորակավորման ծրագիր/Կամո,"""Ardshinbank"" CJSC",24 March 2024,Gavar
Նախաորակավորման ծրագիր/Երևան,"""Ardshinbank"" CJSC",24 March 2024,Yerevan
Նախաորակավորման ծրագիր/Աբովյան,"""Ardshinbank"" CJSC",24 March 2024,Abovyan
Head of the engineering and technical service department of the greenhouse complex,Spayka LLC,06 April 2024,Yerevan
Sales Specialist,ITResources,06 April 2024,Yerevan
Ցանցային ադմինիստրատոր,Partner Company,06 April 2024,Yerevan
Senior Sales Consultant,ITResources,06 April 2024,Yerevan
PHP Laravel Developer,Helix Consulting,06 April 2024,Yerevan
Data collection junior specialist (Temporary - 3 months),TUMO Center for Creative Technologies,31 March 2024,Yerevan
The operator-administrator of call centre,doctor911.am,06 April 2024,Yerevan
B2B Sales Manager,SOLARON,06 April 2024,Yerevan
Customer Service Quality Control Specialist,AMIO BANK,06 April 2024,Yerevan
Trade Marketing Specialist,ARGE BUSINESS LLC,06 April 2024,Yerevan
"Intern,Agile Project Management",SoftConstruct,06 April 2024,Yerevan
Human Resources Manager,"""ASBC"" LLC",06 April 2024,Yerevan
ASIC Physical Design Engineer / 48065BR,Synopsys Armenia,06 April 2024,Yerevan
Ցանցային ադմինիստրատոր,Atenk Ltd,01 April 2024,Yerevan
Database Administrator,Acba Bank OJSC,23 March 2024,Yerevan
Logistics coordinator for vehicle transportation in the United States,Cars Hauler,05 April 2024,Yerevan
Freelance Bookkeeper for Year-End Financials,iNexxus,22 March 2024,Yerevan                                            (Remote)
Business Intelligence Analyst / VBET,SoftConstruct,06 April 2024,Yerevan
Manual QA Engineer / VBET,SoftConstruct,06 April 2024,Yerevan
Dispatcher car hauling,Cars Hauler,31 March 2024,Yerevan
Full-Time Remote Asset Manager for US Based Property Management Company,Knights Property Management Inc.,05 April 2024,Yerevan                                            (Remote)
Customer service specialist,“NAIRI INSURANCE” INSURANCE LLC,05 April 2024,Yerevan
Senior Accountant,Digitain,05 April 2024,Yerevan
Database Security Administrator,Ameriabank CJSC,20 March 2024,Yerevan
Targeted ads specialist,Move2Armenia Career,05 April 2024,Yerevan
Ցանցի կառուցման տեխնիկ ք․ Արարատ,Ucom,05 April 2024,Ararat
"Կրտսեր ինժեներ, Ֆիքսված կապի մոնիթորինգի թիմ",Ucom,05 April 2024,Yerevan
Որակի վերահսկման թիմի պատասխանատու,Jermuk International Pepsi-Cola Bottler LLC,05 April 2024,Yerevan
Small and Medium Business Chief Manager,IDBank CJSC,22 March 2024,Yerevan
"Apply ""Procurement Services"" Spin Contest",SPINNER,05 April 2024,Yerevan
"Risk Management Center, Operational Risks Management Group, Specialist",Ameriabank CJSC,20 March 2024,Yerevan
"Apply ""SEO Outsourcing Services"" Spin Contest",SPINNER,05 April 2024,Yerevan
"Apply ""Software Testing Company"" Spin Contest",SPINNER,05 April 2024,Yerevan
Technical Implementation Engineer,OMD Armenia LLC,05 April 2024,Yerevan
tekhnologist,Թամարա ՍՊԸ,05 April 2024,Abovyan
C++ Software Engineer,OMD Armenia LLC,05 April 2024,Yerevan
SMM Specialist,EcoVille LLC,05 April 2024,Yerevan
ՖԻՆԱՆՍԻՍՏ,«ՏԻԳԱ ՇԻՆ» ՍՊԸ,05 April 2024,Yerevan
Բիզնես գործընթացների զարգացման առաջատար մասնագետ,IDBank CJSC,22 March 2024,Yerevan
Sales specialist,Level77,05 April 2024,Yerevan
Կորպորատիվ կոմիսիոն  բիզնեսի գծով տեղակալ,ՅՈՒՆԻԲԱՆԿ ԲԲԸ,05 April 2024,Yerevan
Construction Project Manager,Gravity LLC,05 April 2024,Yerevan
Senior Product Marketing Manager (all genders),TeamViewer Armenia,05 April 2024,Yerevan
Casino Product Manager VBET,SoftConstruct,05 April 2024,Yerevan
UI Developer,ArctX Solution LLC,05 April 2024,Yerevan
Ադմինիստրատիվ աշխատակից,Անդակո ՍՊԸ,05 April 2024,Yerevan
Customer service specialist,TRANSPORT LLC,29 March 2024,Yerevan
Chief specialist  of Enforcement proceedings and bankruptcy case problem asset recovery Unit,AMIO BANK,05 April 2024,Yerevan
Risk Management Specialist,ArctX Solution LLC,05 April 2024,Yerevan
Հաշվետար,ARGE BUSINESS LLC,31 March 2024,Yerevan
Վաճառքի վերլուծաբան,ARMENIA WINE FACTORY LLC,05 April 2024,Yerevan
Store Manager,FAB Group LLC,05 April 2024,Yerevan
Պատվիրակ,SOS Children's Villages Armenia,05 April 2024,Yerevan
Fraud Risk Analyst,Armenian Card CJSC,05 April 2024,Yerevan
Digital marketing specialist,ITAL SOLAR,05 April 2024,Yerevan
SMM Manager/Strategist,Move2Armenia Career,05 April 2024,Yerevan
Marketing specialist,Mantashyants Entrepreneurs Union,31 March 2024,Yerevan
Product Manager,SQUARE SIGNS ARMENIA,05 April 2024,Yerevan
Administrative Assistant,Mantashyants Entrepreneurs Union,05 April 2024,Yerevan
Community Manager,Mantashyants Entrepreneurs Union,05 April 2024,Yerevan
Communications and Audiovisual Officer,NDI Armenia,27 March 2024,Yerevan
Office Manager,AAB Construction,05 April 2024,Yerevan
Տեխնիկաների սպասարկման մասնագետ,AAB Construction,05 April 2024,Yerevan
Sales Manager in Real Estate,AAB Construction,05 April 2024,Yerevan
Մեխանիկ/Արտադրության պատասխանատու,AAB Construction,05 April 2024,Yerevan
Գանձապահ՝ «Շենգավիթ» մասնաճյուղում 18:00-01:00 աշխատաժամանակով,FastBank CJSC,05 April 2024,Yerevan
Risk &amp; Compliance Specialist,Armenian Card CJSC,05 April 2024,Yerevan
System/DB Administrator,Armenian Card CJSC,05 April 2024,Yerevan
SMM Specialist,Art Lunch,05 April 2024,Yerevan
Remote-Based | Online Ads Assessor (Russian Language),TELUS International AI Inc,05 April 2024,Yerevan
Social Media Manager Intern,iTeam,05 April 2024,Yerevan
հաշվապահ,ԵրՄՄԳՀԻ,31 March 2024,Yerevan
assembly works of metal constructions,ԱՄԲԱ ԳՐՈՒՊ -1,05 April 2024,Yerevan
"QA Automation Engineer, Frontline (all genders)",TeamViewer Armenia,05 April 2024,Yerevan
"QA Automation Engineer, Frontline (all genders)",TeamViewer Armenia,05 April 2024,Yerevan
Senior Mobile QA Automation Engineer (all genders),TeamViewer Armenia,05 April 2024,Yerevan
Hospitality Coordinator,TUMO Center for Creative Technologies,05 April 2024,Yerevan
Finance and Business Processes Audit Senior Specialist,Viva-MTS (MTS Armenia CJSC),20 March 2024,Yerevan
Transmission Engineer,Viva-MTS (MTS Armenia CJSC),20 March 2024,Yerevan
Seller-Consultant / Yerevan,Mobile Centre,05 April 2024,Yerevan
Assistant to Tax Manager,BDO Armenia CJSC,05 April 2024,Yerevan
Տեխնոլոգի օգնական,Միջնաբերդ Ալկո,03 April 2024,Yerevan
Senior Product Designer,SoftLand LLC,05 April 2024,Yerevan
Senior Motion Graphic Designer,SoftLand LLC,05 April 2024,Yerevan
Sales Manager,Rubinar LLC,05 April 2024,Yerevan
Customer Support Agent (English and Russian Languages),TokenWin,05 April 2024,Yerevan
Talent Acquisition Specialist,Jermuk International Pepsi-Cola Bottler LLC,05 April 2024,Yerevan
SMM Specialist,Davel Creative Agency,05 April 2024,Yerevan
Accountant,Wallet,05 April 2024,Yerevan                                            (Remote)
Tour administrator,Yerani Travel LLC,04 April 2024,Yerevan
Marketing specialist,Noor Wedding Armenia,04 April 2024,Yerevan
Incoming Tour Manager,ARARA LLC,04 April 2024,Yerevan
SMM մասնագետ,Hosteeva LLC,04 April 2024,Yerevan
Concierge,Tufenkian Hospitality LLC,30 March 2024,Yerevan
Chief Financial Officer,FastMedia,04 April 2024,Yerevan
Night Shift Receptionist,Messier 53 Hotel Yerevan,04 April 2024,Yerevan
Link-Building Specialist,LinkyJuice,04 April 2024,Yerevan
English Langauge Communications specialist (Native),TUMO Center for Creative Technologies,04 April 2024,Yerevan
IT Project Manager,L-IT Armenia,04 April 2024,Yerevan
Senior Recruiter,SoftConstruct,04 April 2024,Yerevan
Խաղավարի Օգնական,SoftConstruct,04 April 2024,Yerevan
SMM and PR Specialist/VBET,SoftConstruct,04 April 2024,Yerevan
Game Presenter,SoftConstruct,04 April 2024,Yerevan
Խաղավար,SoftConstruct,04 April 2024,Yerevan
Recruiter,SoftConstruct,04 April 2024,Yerevan
Տեսահսկման բաժնի աշխատակից,SoftConstruct,04 April 2024,Yerevan
Partnership Manager,Business Development Group (BDG),04 April 2024,Yerevan
Office Manager,Balchug Capital,31 March 2024,Yerevan
Լողավազանի աշխատակից/ Pool Attendant,The Alexander Yerevan Hotel,04 April 2024,Yerevan
Licensing and Certification Specialist,SoftConstruct,04 April 2024,Yerevan
"Account Manager (Arabic, Turkish and English languages)",SoftConstruct,31 March 2024,Yerevan
Account Manager (English and Russian Languages),SoftConstruct,31 March 2024,Yerevan
ՄՌԿ դեպարտամենտի ղեկավար,«Էրեբունի» ԲԿ,04 April 2024,Yerevan
Accountant,DIGITAI LLC,04 April 2024,Yerevan
Manager of import department,VENDA LLC,04 April 2024,Yerevan
HR Specialist,New City Projects,04 April 2024,Yerevan
Հաշվապահ-Հաշվետար,MIX PAINTS LLC,04 April 2024,Yerevan
Customer Support Specialist,Support My App,03 April 2024,Yerevan
Backend Engineer (Java),Routetitan,04 April 2024,Yerevan                                            (Remote)
Information Security and IAM Officer,Adjarabet.am,31 March 2024,Yerevan
"Senior PHP Developer, CRM Software",DataArt Armenia,04 April 2024,Yerevan
Ֆինանսական Վերլուծաբան,Atenk Ltd,04 April 2024,Yerevan
Շինարարական Աշխատանքների Ղեկավարի Տեղակալ,SoftConstruct,04 April 2024,Yerevan
Customer Service  Specialist,Adjarabet.am,31 March 2024,Yerevan
Ոսկերիչ գնահատողի օգնական ՝ «Չարենցավան» մասնաճյուղում,FastBank CJSC,04 April 2024,Yerevan
Shop Consultant,Food Depot LLC,04 April 2024,Yerevan
Ոսկերիչ գնահատողի օգնական,FastBank CJSC,04 April 2024,Yerevan
Senior Recruiter,CreedRoomz,31 March 2024,Yerevan
Shuffler,Evolution,04 April 2024,Yerevan
Game Presenter,Evolution,04 April 2024,Yerevan
Խաղաթղթավար (շաֆլեր),Evolution,04 April 2024,Yerevan
Russian Speaking Game Presenter,Evolution,04 April 2024,Yerevan
sales consultant,Ecoprof LLC,04 April 2024,Yerevan
Premium Customers Manager,Inecobank CJSC,31 March 2024,Yerevan
Accountant,Պրեմիեր Ֆուդս ՍՊԸ,04 April 2024,Yerevan
Legal Counsel,SoftConstruct,04 April 2024,Yerevan
Teller,Evocabank,31 March 2024,Yerevan
Sales Consultant - morning shift,Linz Optic ZEISS Vision Expert,04 April 2024,Yerevan
Администратор,Hotel Central LLC,04 April 2024,Yerevan
Lecturer in Computer Science,American University of Armenia Fund,04 April 2024,Yerevan
Accountant for EY’s Tax practice in Armenia,Ernst and Young CJSC (EY),04 April 2024,Yerevan
Social Media Manager,Fastex,31 March 2024,Yerevan
Digital Marketing Specialist,Fastex,31 March 2024,Yerevan
Office Manager,Doping Creative Agency,04 April 2024,Yerevan
Junior Investment Analyst,Optimum Partners -Armenia,31 March 2024,Yerevan                                            (Remote)
Sports Trader,SKILLEX,03 April 2024,Yerevan
«Գործառնական օր» համակարգի ադմինիստրատոր,IDBank CJSC,22 March 2024,Yerevan
SEO Specialist,Straight Up Search,03 April 2024,Northampton                                            (Remote)
Վաճառքի և սպասարկման մասնագետ,Ucom,03 April 2024,Yerevan
Հաշվապահ,Ucom,03 April 2024,Yerevan
Corporate Lending Leading Analyst,IDBank CJSC,22 March 2024,Yerevan
Group Treasury Head,SoftConstruct,03 April 2024,Yerevan
Head of Procurement department,Galaxy Group of Companies,03 April 2024,Yerevan
Plant IT Systems Specialist,ContourGlobal Hydro Cascade,03 April 2024,Goris
Legal Consultant,«ՔԵՅԷՄՋԻ ՔՈՆՍԱԼԹԻՆԳ» ՍՊԸ,03 April 2024,Yerevan
Receptionist,Digitain,03 April 2024,Yerevan
Marketing Director,Galaxy Group of Companies,03 April 2024,Yerevan
Mid/Senior Content Writer,10Web,03 April 2024,Yerevan
Senior Motion Designer,TokenWin,03 April 2024,Yerevan
SMM Specialist,SoftConstruct,03 April 2024,Yerevan
People and Culture Specialist,4u.am,03 April 2024,Yerevan
Կայանների  տեղակայման գործակալ,Ucom,27 March 2024,Yerevan
Pharmacist/Pharmaceutist,"""Նատալի Ֆարմ Դեղատուն՛՛ ՍՊԸ",03 April 2024,Yerevan
ՏՏ հաշվետվությունների մասնագետ,Telcell,03 April 2024,Yerevan
Cashier,Food Depot LLC,03 April 2024,Yerevan
PHP Intern,CodeTitans,03 April 2024,Yerevan
Վաճառքի աջակցման մասնագետ,VELOX CU,03 April 2024,Yerevan
Chief Financial Officer,HAYASA HOSPITALITY GROUP LLC,03 April 2024,Yerevan
Graphic Designer,SoftConstruct,03 April 2024,Yerevan
HR Specialist,Sniper Marketing,03 April 2024,Yerevan
Insurance Sales Manager,Golden Road Insurance Agency Inc,31 March 2024,Yerevan
SMM specialist,Sniper Marketing,03 April 2024,Yerevan
"Senior loan analyst, Payment Instruments and Escrow Division",Ameriabank CJSC,20 March 2024,Yerevan
Chief Executive Officer (CEO) of Amrots Foundation,818 Consulting,03 April 2024,Yerevan
Junior Front End Developer / Intern,Ithire,03 April 2024,Yerevan
Մաքսային կրտսեր մասնագետ,Alfa-Pharm CJSC,03 April 2024,Yerevan
Sales Consultant,NIKO GROUP,03 April 2024,Yerevan
Ֆինտեխ պրոդուկտների մենեջեր,Telcell,03 April 2024,Yerevan
Marketing Specialist,Enterprise Rent-A-Car,27 March 2024,Yerevan
ATM and POS operations officer,Byblos Bank Armenia CJSC,29 March 2024,Yerevan
Customer Support Agent -French Language(mixed shifts),SoftConstruct,31 March 2024,Yerevan
Customer Support Agent -Turkish and English Languages,SoftConstruct,31 March 2024,Yerevan
Customer Support Agent - Korean Language,SoftConstruct,31 March 2024,Yerevan
Sales Specialist,SoftConstruct,31 March 2024,Yerevan
Wordpress and IT Specialist,Nomi Labs,03 April 2024,Yerevan                                            (Remote)
Customer Support Agent - Spanish and English Languages,SoftConstruct,31 March 2024,Yerevan
"Customer Support Agent -Armenian,Russian and English Languages",SoftConstruct,31 March 2024,Yerevan
Customer Support Agent - Arabic and English Languages,SoftConstruct,31 March 2024,Yerevan
Innovation and Business Development Manager,Nomi Labs,03 April 2024,Yerevan                                            (Remote)
Motion Graphics Designer,Nomi Labs,03 April 2024,Yerevan                                            (Remote)
Senior International Lawyer,Digitain,03 April 2024,Yerevan
Business Analyst,Digitain,03 April 2024,Yerevan
React Native Developer,Locator CJSC,03 April 2024,Yerevan
Junior AML Specialist,Landmark Capital,03 April 2024,Yerevan
Content Writer,"""ALEX RETAIL COMPANY"" LLC",31 March 2024,Yerevan
Sales Manager,"""ALEX RETAIL COMPANY"" LLC",31 March 2024,Yerevan
SUPPLY CHAIN OFFICER,MEDECINS SANS FRONTIERES (MSF) -Switzerland,23 March 2024,Yerevan
Chief Accountant,"""ALEX RETAIL COMPANY"" LLC",31 March 2024,Yerevan
Financial Analyst,ԷԼԻ ՔԱՐՍ ՍԵՐՎԻՍ ՍՊԸ,03 April 2024,Yerevan
Տեխնիկական սպասարկման մասնագետ,Easy Pay,03 April 2024,Yerevan
SMM SPECIALIST,"""ALEX RETAIL COMPANY"" LLC",31 March 2024,Yerevan
Ukrainian Speaking Game Presenter,Digitain,31 March 2024,Yerevan
Make-up artist,Imagine Live,31 March 2024,Yerevan
Game Host,Imagine Live,31 March 2024,Yerevan
Ukrainian Speaking Game Presenter,Imagine Live,31 March 2024,Yerevan
Agile Coach,Ameriabank CJSC,31 March 2024,Yerevan
"Սրահի ադմինիստրատոր, ք. Չարենցավան",VTB Bank (Armenia),03 April 2024,Charentsavan
Գնումների մասնագետ,Bacon Product LLC,03 April 2024,Arzni
Բրենդ մենեջեր,Bacon Product LLC,03 April 2024,Arzni
Պահեստների պատասխանատու,Bacon Product LLC,03 April 2024,Arzni
Learning Coach in Areni (part time),TUMO Center for Creative Technologies,31 March 2024,Yeghegnadzor
Learning Coach in Jermuk (part time),TUMO Center for Creative Technologies,31 March 2024,Jermuk
Staff Analog Design Engineer / 48218BR,Synopsys Armenia,03 April 2024,Yerevan
IT Support Admin / 47978BR,Synopsys Armenia,03 April 2024,Yerevan
Staff Analog Design Engineer / 48216BR,Synopsys Armenia,03 April 2024,Yerevan
Վաճառքի և սպասարկման կենտրոնի մասնագետ Երևան  քաղաքում,"""Telecom Armenia"" OJSC",03 April 2024,Yerevan
Customer Service Representative,"""Telecom Armenia"" OJSC",03 April 2024,Yerevan
"Հաճախորդների սպասարկման մասնագետ, ք. Երևան",VTB Bank (Armenia),03 April 2024,Yerevan
"Սրահի ադմինիստրատոր, ք. Երևան",VTB Bank (Armenia),03 April 2024,Yerevan
Construction manager,Test Company,02 April 2024,Yerevan
Warehouse management senior specialist,"""Telecom Armenia"" OJSC",02 April 2024,Yerevan
Office manager,"Shanxi Hydraulic Engineering Construction Bureau Co., Ltd.",31 March 2024,Gyumri
Office Clerk,"Shanxi Hydraulic Engineering Construction Bureau Co., Ltd.",31 March 2024,Gyumri
Front Office Clerk/Receptionist,Grand Hotel Yerevan,02 April 2024,Yerevan
Draftsman,"Shanxi Hydraulic Engineering Construction Bureau Co., Ltd.",31 March 2024,Gyumri
WordPress/SEO Specialist,Tourinvest LLC,02 April 2024,Yerevan                                            (Remote)
Cite Laboratory Engineer,"Shanxi Hydraulic Engineering Construction Bureau Co., Ltd.",31 March 2024,Gyumri
Cite surveyor,"Shanxi Hydraulic Engineering Construction Bureau Co., Ltd.",31 March 2024,Gyumri
Assistant Front Office Manager,Grand Hotel Yerevan,02 April 2024,Yerevan
Պահեստի աշխատակից,Asteria Pharmaceutical Company,01 April 2024,Yerevan
Շուկայի զարգացման պատասխանատու,Ապարան Թան +,01 April 2024,Yerevan
Architects,California Permits,31 March 2024,Yerevan
Director of Marketing,EV Motors Group,31 March 2024,Yerevan
.Net/Umbraco Engineer,Acumen Technologies Armenia,31 March 2024,Yerevan                                            (Remote)
Medical Representative,Med Standard,28 March 2024,Yerevan
Import/Export Specialist,ASEDL LLC,31 March 2024,Yerevan
Executive Assistant,Med Standard,28 March 2024,Yerevan
FRM Experienced Consultant,KPMG Armenia LLC,31 March 2024,Yerevan
Sales Specialist,CreedRoomz,31 March 2024,Yerevan
Game Presenter,CreedRoomz,31 March 2024,Yerevan
Խաղավարի օգնական,CreedRoomz,31 March 2024,Yerevan
Խաղավար,CreedRoomz,31 March 2024,Yerevan
Recruiter,CreedRoomz,31 March 2024,Yerevan
SMM Specialist,Ceramica,31 March 2024,Yerevan
Ինժեներ-մեխանիկ,Atenk Ltd,31 March 2024,Yerevan
sales manager,Fast Shift LLC,31 March 2024,Yerevan
Wireless/RF Engineer,Huawei Armenia,31 March 2024,Yerevan
IP Engineer,Huawei Armenia,31 March 2024,Yerevan
Կորպորատիվ բիզնեսի կառավարման ծառայությունում՝ պրոդուկտների մասնագետ,FastBank CJSC,31 March 2024,Yerevan
Operator,VFS Global LLC,31 March 2024,Yerevan
Կոնտակտային կենտրոնի Հաճախորդների սպասարկման մասնագետ՝ 13։00-22։00 աշխատաժամանակով,FastBank CJSC,31 March 2024,Yerevan
Head of Product Operations (iGaming B2C),TokenWin,31 March 2024,Yerevan
Portfolio Strategy Supervisor,Philip Morris Armenia LLC,31 March 2024,Yerevan
Supervisor Analysis & Reporting,Philip Morris Armenia LLC,31 March 2024,Yerevan
Գանձապահ «Մասիս» մասնաճյուղում,FINCA UCO CJSC,21 March 2024,Masis
Անալիտիկ սարքավորումների վաճառքի մասնագետ,Concern-Energomash  CJSC,31 March 2024,Yerevan
Մարքեթինգի մասնագետ,Concern-Energomash  CJSC,31 March 2024,Yerevan
Reservations Coordinator,Ramada Hotel & Suites Yerevan,31 March 2024,Yerevan
Music Content Manager,Naghashyan Solutions,31 March 2024,Yerevan
CaseKey Case Competiton 2024,CaseKey Case Competition,31 March 2024,Yerevan
Ներքին դիտարկումների ծառայության ղեկավար,FastBank CJSC,31 March 2024,Yerevan
"Փոքր բիզնեսի վարկային մասնագետ, ք․Արտաշատ",VTB Bank (Armenia),31 March 2024,Artashat
Graphic designer,"""Telecom Armenia"" OJSC",31 March 2024,Yerevan
Կորպորատիվ պրոդուկտների մենեջեր,FastBank CJSC,31 March 2024,Yerevan
Security Engineer,Axcient,31 March 2024,Yerevan
Վարկային ռիսկի մոդելավորման ավագ մասնագետ,Acba Bank OJSC,27 March 2024,Yerevan
Financial Analyst (iGaming),TokenWin,31 March 2024,Yerevan
Clinical report coordinator,BostonGene Technologies,31 March 2024,Yerevan
Call Center Operator,Dalma Garden Mall,21 March 2024,Yerevan
Game Presenter,Imagine Live,31 March 2024,Yerevan
Դերձակ,Imagine Live,31 March 2024,Yerevan
Scheduling Specialist,Imagine Live,31 March 2024,Yerevan
Shuffler,Imagine Live,31 March 2024,Yerevan
Customer Support Specialist (Farsi speaking),Golden SB Tech Group,31 March 2024,Yerevan
Experienced QA engineer,Earlyone,31 March 2024,Yerevan
Hr Manager,Yerevan Place,31 March 2024,Yerevan
Գրաֆիկ Դիզայներ,Converse Bank,31 March 2024,Yerevan
Իրավաբան,Ares Law Firm,31 March 2024,Yerevan
Customer Support Agent (Turkish) / VBET - Mixed Shifts,SoftConstruct,31 March 2024,Yerevan
ԲՐԵՆԴԻ ԶԱՐԳԱՑՄԱՆ ՊԱՏԱՍԽԱՆԱՏՈՒ,Derjava,31 March 2024,Yerevan
Սպասարկման մասնագետ,iNet,31 March 2024,Yerevan
Russian Speaking Game Presenter,Imagine Live,31 March 2024,Yerevan
Technical Support Specialist,Imagine Live,31 March 2024,Yerevan
Team Manager,Imagine Live,31 March 2024,Yerevan
Turkish Speaking Game Presenter,Imagine Live,31 March 2024,Yerevan
Զանգերի կենտրոնի օպերատոր,Telcell,31 March 2024,Yerevan
Graphic designer,Երևանի ՙՙՇամպայն Գինիների Գործարանՙՙ ԲԲԸ,31 March 2024,Yerevan
Creative Strategy Development Manager,McCann Erickson LLC,22 March 2024,Yerevan
SMM Specialist,Mobile Centre,31 March 2024,Yerevan
Copywriter,FastMedia,31 March 2024,Yerevan
Chief Accountant,FlyOne Armenia,31 March 2024,Yerevan
Բնապահպանական և սոցիալական ռիսկերի կառավարման համակարգի պատասխանատու,ARMECONOMBANK OJSC,31 March 2024,Yerevan
Հաճախորդների սպասարկման որակի վերահսկողության մասնագետ,"""Telecom Armenia"" OJSC",31 March 2024,Yerevan
Գրավոր հարթակի սպասարկման մասնագետներ ք. Երևան,"""Telecom Armenia"" OJSC",31 March 2024,Yerevan
Թիմ ղեկավար,Bacon Product LLC,31 March 2024,Arzni
Վաճառքի տնօրեն,Bacon Product LLC,31 March 2024,Arzni
Վաճառքի մենեջեր,Rocarm ՍՊԸ,31 March 2024,Yerevan
Մանրէաբան,ՀԵԴ ՔՈՐՓՈՐԵՅՇՆ ՍՊԸ,20 March 2024,Yerevan
Հոսքագծի օպերատոր,ՀԵԴ ՔՈՐՓՈՐԵՅՇՆ ՍՊԸ,21 March 2024,Yerevan
Accountant,Profin Consulting,30 March 2024,Yerevan
"Senior Full Stack Developer/Tech Lead, Information Technology Services",DataArt Armenia,30 March 2024,Yerevan
Մոնտաժող/,iNet,30 March 2024,Yerevan
Accountant,Սոլիդ Ըքաունթ,30 March 2024,Yerevan
"Operations Representative (Customer Support, Logistics Specialist)",Buymie,30 March 2024,Yerevan
Procurement Manager,ContourGlobal Hydro Cascade,30 March 2024,Goris
Tutor (not paid internship),Աղունիկ զարգացման կենտրոն հիմնադրամ,29 March 2024,Yerevan
Սրահի մենեջեր,Best Group LLC,30 March 2024,Yerevan
Mobile Network Monitoring Engineer,Viva-MTS (MTS Armenia CJSC),30 March 2024,Yerevan
Lawyer,Թայմլես ՍՊԸ,30 March 2024,Yerevan
"Group Brand Management and Logistics Coordinator (Armenia, Georgia, Belarus)",Թայմլես ՍՊԸ,30 March 2024,Yerevan
Content Writer,SoftLand LLC,30 March 2024,Yerevan
Support specialist (Farsi),Axioma Ltd,28 March 2024,Yerevan
Production line operator,A  M Rare,30 March 2024,Hankavan
Management accounting specialist,''Armenia'' International Airports'' CJSC,30 March 2024,Yerevan
Product and Customer Journey Expert,Ameriabank CJSC,25 March 2024,Yerevan
Առաջատար վերլուծաբան,ՅՈՒՆԻԲԱՆԿ ԲԲԸ,30 March 2024,Yerevan
Technical Support Lead/Manager,Krisp,30 March 2024,Yerevan
Chemistry Teacher,CIS Armenia International School,30 March 2024,Yerevan
"Chief specialist, Compliance Unit",Converse Bank,30 March 2024,Yerevan
Game Presenter,Art Production,30 March 2024,Yerevan
Python Developer (On-site),Logix Software LLC,30 March 2024,Yerevan
"Senior Specialist, Accounting",ServiceTitan,30 March 2024,Yerevan
Sales manager,Avenue Consulting Group LLC,30 March 2024,Yerevan
Գլխավոր ճարտարագետ /Գլխավոր ինժեներ,New City Projects,30 March 2024,Yerevan
Chemist-laboratory assistant,Թամարա ՍՊԸ,30 March 2024,Abovyan
Менеджер по продажам,Lomano,30 March 2024,Yerevan                                            (Remote)
UI/UX and Graphic Designer,ERP Solutions LLC,30 March 2024,Yerevan
QA Engineer (Odoo),ERP Solutions LLC,30 March 2024,Yerevan
Ավագ աշխղեկ,"""Telecom Armenia"" OJSC",30 March 2024,Yerevan
Բանվոր,Dalma Garden Mall,28 March 2024,Yerevan
Assistant to the deputy general director,VTB Bank (Armenia),30 March 2024,Yerevan
System Administrator (Mid Level),Acba Bank OJSC,23 March 2024,Yerevan
Դատաիրավական բաժնի ղեկավար,Evocabank,29 March 2024,Yerevan
Credit portfolio collection specialist,"LMS LLC, Loan Management Services",30 March 2024,Yerevan
assistant accountant,Թամարա ՍՊԸ,30 March 2024,Abovyan
Junior auditor,"""Telecom Armenia"" OJSC",30 March 2024,Yerevan
Պահանջվում է ֆինանսիստ,Papaya,29 March 2024,Yerevan
Frontend Engineer (React),Routetitan,29 March 2024,Yerevan                                            (Remote)
Պրոդուկտի ղեկավար,Garage Masters' Mall,29 March 2024,Yerevan
Python Developer,INOGATE,29 March 2024,Yerevan
Accountant,Ռոյալ Իմպորտ ՍՊԸ,27 March 2024,Yerevan
Վաճառող խորհրդատու,Սմարթ Դիստրիբյուշն,29 March 2024,Yerevan
Հաշվապահ և աուդիտոր,Աբադ Ռահան Փարս,27 March 2024,Yerevan
"Specialist, Investment Operations Unit",Converse Bank,20 March 2024,Yerevan
Տեխնիկական աջակցման մասնագետ,Telcell,29 March 2024,Yerevan
"Փոքր բիզնեսի վարկային մասնագետ, ք․Երևան",VTB Bank (Armenia),29 March 2024,Yerevan
Ապառիկների ձևակերպման մասնագետ,EcoVille LLC,29 March 2024,Yerevan
Delivery Manager of Engineering,Plat.ai,29 March 2024,Yerevan
Chief Accountant,"Radisson BLU Hotel, Yerevan",28 March 2024,Yerevan
Partner Support Specialist,SoftConstruct,29 March 2024,Yerevan
Հրուշակեղենի արտադրամասի տնօրեն,Անդակո ՍՊԸ,29 March 2024,Yerevan
"Փոքր բիզնեսի վարկային մասնագետ, ք․Աբովյան",VTB Bank (Armenia),29 March 2024,Abovyan
Sales Specialist,Basmoarm LLC,29 March 2024,Yerevan
"Փոքր բիզնեսի վարկային մասնագետ, ք․Էջմիածին",VTB Bank (Armenia),29 March 2024,Vagharshapat
Senior Java Engineer,Telcell,28 March 2024,Yerevan
Summer Camp Coordinator,TUMO Center for Creative Technologies,29 March 2024,Yerevan
Accountant,KHACHATRYAN CONSULTING,29 March 2024,Yerevan
Վարկային մասնագետ /Աջափնյակ/ մասնաճյուղում,ԿՐԵԴՈ ՖԻՆԱՆՍ ՈՒՎԿ ՓԲԸ,29 March 2024,Yerevan
Շրջիկ վարկային մասնագետ բոլոր մասնաճյուղերի համար,ԿՐԵԴՈ ՖԻՆԱՆՍ ՈՒՎԿ ՓԲԸ,29 March 2024,Yerevan
Quantitative Research Intern (Summer 2024),WorldQuant,29 March 2024,Yerevan
Junior Java Developer,Polixis,29 March 2024,Yerevan
Business Analyst,Chartrics Software Solutions LLC,29 March 2024,Yerevan
2D Spine Animator,Digitain,29 March 2024,Yerevan
Telecom solutions (services) sales & development leading specialist,"""Telecom Armenia"" OJSC",29 March 2024,Yerevan
Head of Compliance,SoftConstruct,29 March 2024,Yerevan
Մերչենդայզինգի (ապրանքադասավորվածության) մասնագետ,"""Telecom Armenia"" OJSC",29 March 2024,Yerevan
Construction manager,Test Company,20 March 2024,Yerevan
Principal Full Stack Developer,Partnerly LLC,28 March 2024,Yerevan
Senior PHP Software Engineer,Partnerly LLC,28 March 2024,Yerevan
Senior React Front-End Software Engineer,Partnerly LLC,28 March 2024,Yerevan
Dispatcher,FF Dispatch,28 March 2024,Yerevan
Desktop Support Technician,KPartners cjsc,28 March 2024,Yerevan
կոնտենտ մենեջեր / քոփիրայթեր,Reyma,28 March 2024,Yerevan
HR Manager - Remote,AffPapa,28 March 2024,Yerevan                                            (Remote)
Office Manager,RED Invest Group,28 March 2024,Yerevan
Middle/ Senior Back-End Developer (Node.js),InConcept Labs | Software Development Company,28 March 2024,Yerevan
Support Center Specialist,VXSoft LLC,27 March 2024,Yerevan
Senior Accountant,Rock-West,28 March 2024,Yerevan
Բարիստա/Գանձապահ,Coffee House Company,28 March 2024,Yerevan
QA Engineer (Manual + Auto),INOGATE,27 March 2024,Yerevan
Brand Manager,Burmunk Perfumery Chain,28 March 2024,Yerevan
Business Builder,Philip Morris Armenia LLC,28 March 2024,Armavir
Administrator,ՆՈՐ ՏՈՒՆ,28 March 2024,Yerevan
Հաղորդակցության տնօրեն,Ayb School,28 March 2024,Yerevan
Վարորդ առաքիչ,Սահակյան Թրեյդ ՍՊԸ,28 March 2024,Yerevan
Salon Manager-teamlead,A&A Nail Couture,28 March 2024,Yerevan
Կարիտաս-Արեգակ բարեգործական հիմնադրամի 2023թ. տարեկան ֆինանսական հաշվետվությունների աուդիտն իրականացնող աուդիտորական ընկերություն,ԿԱՐԻՏԱՍ-ԱՐԵԳԱԿ Բարեգործական հիմնադրամ,19 March 2024,Gyumri
Shop/Manager,Test Company,28 March 2024,Yerevan
Risk Manager,iBooben Development,28 March 2024,Yerevan
Call Center Supervisor,Hosteeva LLC,28 March 2024,Yerevan
Senior Copywriter (US)/VBET,SoftConstruct,27 March 2024,Yerevan
Opeations Director Assistant,Hosteeva LLC,28 March 2024,Yerevan
Housekeeper,Chronograph,28 March 2024,Yerevan
Ներմուծման մենեջեր,Brand Leader,28 March 2024,Yerevan
Кладовщик,SPORTMASTER,28 March 2024,Yerevan
Finance & Operations Manager,Democracy International,28 March 2024,Yerevan
Finance & Operations Assistant,Democracy International,28 March 2024,Yerevan
International Customer Support Specialist (with the knowledge of the Arabic language),“Digital Line” Limited Liability Company,28 March 2024,Yerevan
Offre d'emploi Spécialiste du support de la clientèle international (avec la connaissance du français),“Digital Line” Limited Liability Company,28 March 2024,Yerevan
Corporate Sales Manager,Premium Machinery AM LLC,28 March 2024,Yerevan
Executive Assistant,EcoVille LLC,28 March 2024,Yerevan
Data Entry Specialist,One Planet Studios Armenia,28 March 2024,Yerevan
Data center cooling and air conditioning operations engineer,"GNC-ALFA CJSC, Rostelecom Arm",28 March 2024,Abovyan
International Relations Specialist,Relum,28 March 2024,Yerevan
Casino Operation Specialist,Relum,28 March 2024,Yerevan
Ինժեներ  նախագծող,Վոլտա / Volta,28 March 2024,Yerevan
Casino Support Specialist,Relum,28 March 2024,Yerevan
Casino Support Specialist,Relum,28 March 2024,Yerevan
գործավար-թարգմաչուհի,Նյու Ֆորմ ՍՊԸ,28 March 2024,Yerevan
Junior Risk  Monitoring Specialist,Digitain,28 March 2024,Yerevan
Casino Risk Management Specialist,Digitain,28 March 2024,Yerevan
Legal Counsel,ARMENIAN NATIONAL INTERESTS FUND CJSC (ANIF),28 March 2024,Yerevan
Product Manager intern,Foody,28 March 2024,Yerevan
Mid+/Senior Embedded Software Engineer,LanAr Service LLC,27 March 2024,Yerevan
Live Խաղավար,Evolution,28 March 2024,Yerevan
Customer support specialist - (Mixed shift) Turkish,iBooben Development,28 March 2024,Yerevan
Оператор call-центра,Globbing,28 March 2024,Yerevan
Operations Manager,SoftConstruct,28 March 2024,Yerevan
Call centre specialist,FlyOne Armenia,28 March 2024,Yerevan
SMM-մասնագետ,Atenk Ltd,28 March 2024,Yerevan
Social Media Enthusiast,Little Bali House,27 March 2024,Yerevan                                            (Remote)
Senior UI/UX Designer,TokenWin,27 March 2024,Yerevan
Social Media Manager,Balance Marketing Studio,27 March 2024,Yerevan                                            (Remote)
Policy and Process Manager,Globbing,27 March 2024,Yerevan
Տեխնիկական աջակցման մասնագետ,ԱյԱյ Սեք,27 March 2024,Yerevan
Financial Analyst,Art Lunch,27 March 2024,Yerevan
Сервисный инженер,ECOS,23 March 2024,Hrazdan
Արտագնա տուր մենեջեր,Tour Advice Armenia,27 March 2024,Yerevan
Front Desk Manager,FYM Management,27 March 2024,Yerevan
Logistics Specialist,Yerevan Chocolate Company CJSC,27 March 2024,Yerevan
Customer Relationship Management Unit /CRM/ Chief specialist,AMIO BANK,27 March 2024,Yerevan
Automatic Control System Designer,INOGATE,26 March 2024,Yerevan
Սարքավորումների վաճառքի մասնագետ,Ucom,27 March 2024,Yerevan
Էլեկտրոնիկայի տեխնիկ/ինժեներ,AeroDynamics,27 March 2024,Yerevan
Marketing and SMM specialist,Green Residential Park LLC,27 March 2024,Yerevan
Marketing Specialist,SoftConstruct,27 March 2024,Yerevan
Senior .NET Backend Engineer,PandaTech LLC,24 March 2024,Yerevan
Դիլինգային կենտրոնի ավագ դիլեր,AraratBank OJSC,27 March 2024,Yerevan
Ավիամոդելների պատրաստման մասնագետ,AeroDynamics,27 March 2024,Yerevan
Software Test Engineer,AeroDynamics,27 March 2024,Yerevan
Risk & Fraud Manager,SoftLand LLC,27 March 2024,Yerevan
Senior Java Developer,MAX E-commerce Int,27 March 2024,Yerevan
Marketing Manager,SoftConstruct,27 March 2024,Yerevan
Payment Operations Specialist,SoftLand LLC,27 March 2024,Yerevan
QA Engineer,Artsolution R&D,27 March 2024,Yerevan
Call center operator,MIMO Bike,27 March 2024,Yerevan                                            (Remote)
Python / Cloud Engineer,Intelinair,27 March 2024,Yerevan
Junior/Middle QA Engineer,Alison,27 March 2024,Yerevan                                            (Remote)
HR specialist,«Հայաստանի հանրային հեռուստաընկերություն» ՓԲԸ,27 March 2024,Yerevan
Marketing Manager,"""ASBC"" LLC",27 March 2024,Yerevan
“Ashtarak” Branch Credit Officer/Business Development Manager,FINCA UCO CJSC,21 March 2024,Ashtarak
B2B Sales Manager,"""ASBC"" LLC",27 March 2024,Yerevan
B2B Key Account Manager,"""ASBC"" LLC",27 March 2024,Yerevan
Retail Sales Consultant,"""ASBC"" LLC",27 March 2024,Yerevan
B2B Purchasing Manager,"""ASBC"" LLC",27 March 2024,Yerevan
Driver,Tourinvest LLC,27 March 2024,Yerevan
Educational Programs Coordinator,BostonGene Technologies,27 March 2024,Yerevan
Mid and above React Developer,TRIVO,27 March 2024,Yerevan
Junior bioinformatician - lung carcinomas,BostonGene Technologies,27 March 2024,Yerevan
Специалист по работе с клиентами на немецком и английском языках,Ascensio Systems,27 March 2024,Yerevan                                            (Remote)
Assistant to the Head,"""Center for strategic development of Armenia"" Foundation",27 March 2024,Yerevan
Seller-Consultant / Yerevan,Mobile Centre,27 March 2024,Yerevan
Head of Marketing Department,Alpha Group,26 March 2024,Yerevan
Mid+/Senior C++ Linux Developer,LanAr Service LLC,27 March 2024,Yerevan
Penetration Tester,Digitain,25 March 2024,Yerevan
Շուկայի զարգացման մենեջեր,Giga Farm LLC,27 March 2024,Yerevan
Call Center Operator,TUMO Center for Creative Technologies,27 March 2024,Yerevan
Design Engineer,«ԱՐՍԵՆԱԼ ԼՏԴ» ՍՊԸ,19 March 2024,Yerevan
Safety Manager,«ԱՐՍԵՆԱԼ ԼՏԴ» ՍՊԸ,19 March 2024,Yerevan
Cold Call Specialist,“NAIRI INSURANCE” INSURANCE LLC,27 March 2024,Yerevan
"Իրավաբան, գնումների համակարգող",Concern-Energomash  CJSC,27 March 2024,Yerevan
Retention Manager,iBooben Development,27 March 2024,Yerevan                                            (Remote)
CRM Manager / Direct marketing,iBooben Development,27 March 2024,Yerevan                                            (Remote)
Call Center Operator,Delex Law  firm,27 March 2024,Yerevan
Chief accountant,A  M Rare,27 March 2024,Yerevan
Microbiologist,A  M Rare,27 March 2024,Hankavan
Marketing Manager of Kazakhstan,Globbing,27 March 2024,Yerevan
Mid Full Stack Developer,BUILG,24 March 2024,Yerevan
CRM Operations Officer,Adjarabet.am,27 March 2024,Yerevan
Բուժքույր ստոմատոլոգիական կլինիկայի համար,Ավանտա նորարարական բժշկության կենտրոն,20 March 2024,Yerevan
Վաճառքի մենեջեր,Eighty Eight Hotel and Spa,25 March 2024,Tsaghkadzor
Գրասենյակային վաճառքի մասնագետ/ սառը զանգերի մասնագետ,Ceramica,25 March 2024,Yerevan
Back-End Developer Instructor/Trainer,Logix Software LLC,24 March 2024,Yerevan
Case Processing Assistant (English Speaking),RightWay Canada Immigration Services,24 March 2024,Yerevan                                            (Remote)
Online support service,Robin globe,24 March 2024,Yerevan
Պրոյեկտ մենեջեր,Brandon marketing,24 March 2024,Yerevan                                            (Remote)
Бухгалтер в консалтинговую компанию,Move2Armenia Career,24 March 2024,Yerevan
Imports commercial manager,ABIO Garden Mall,24 March 2024,Abovyan
Administrative Assistant,ARMENIANS UNIFIED,24 March 2024,Yerevan                                            (Remote)
Engineer Data Quality,PMI Science R&D Center in Armenia,24 March 2024,Yerevan
Financial advisor,ARMENIAN IMMIGRATION CENTER,24 March 2024,Yerevan
Խորհրդատու-Վաճառքի Մասնագետ,Philip Morris Armenia LLC,24 March 2024,Yerevan
Հաշվետար,Digitain,24 March 2024,Yerevan
Մարդկային ռեսուրսների կառավարման բաժնի գլխավոր մասնագետ,ARMENIA WINE FACTORY LLC,24 March 2024,Ashtarak
Head of Risk Management,Fastex,24 March 2024,Yerevan
Kapan Regional Coordinator,American University of Armenia Fund,24 March 2024,Kapan
Event coordinator/VBET,SoftConstruct,21 March 2024,Yerevan
Продавец-Кассир,SPORTMASTER,24 March 2024,Yerevan
B2B  sales manager,ԱՐՓԻ ՍՈԼԱՐ ՍՊԸ,24 March 2024,Yerevan
Adjunct Faculty in Master of Public Affairs,American University of Armenia Fund,24 March 2024,Yerevan
Network and Operation System Administrator,QGroup,24 March 2024,Yerevan
ՍՄՄ դասախոս,Էլբակյան կրթահամալիր,24 March 2024,Yerevan
Customer Success Specialist,Business Development Group (BDG),24 March 2024,Yerevan
English Speaking Sales Manager,AffPapa,24 March 2024,Yerevan                                            (Remote)
Content Writer,AffPapa,24 March 2024,Yerevan                                            (Remote)
Sales management,Մեդիա Վերլուծական Կենտրոն ՍՊԸ,23 March 2024,Yerevan                                            (Remote)
Գնումների մասնագետ,HAYASA HOSPITALITY GROUP LLC,24 March 2024,Yerevan
Ticketing Specialist,SoftConstruct,24 March 2024,Yerevan
Բժշկական ներկայացուցիչ,Giga Farm LLC,24 March 2024,Yerevan
Training Lead (Customer Care),TokenWin,24 March 2024,Yerevan
B2B Business Development Manager,Foody,24 March 2024,Yerevan
Վարկային Կառավարիչ,ECLOF Armenia,24 March 2024,Vedi
"Assistant, Human Resources",ClinChoice LLC,24 March 2024,Yerevan
Fraud Analyst,Digitain,24 March 2024,Yerevan
Ներքին աուդիտի ղեկավար,ARMENIAN NATIONAL INTERESTS FUND CJSC (ANIF),24 March 2024,Yerevan
"Junior Specialist, Business Administration",ClinChoice LLC,24 March 2024,Yerevan
Sales Manager | Sport Generate,Digitain,24 March 2024,Yerevan
Leading Specialist of Court Service Unit,AMIO BANK,24 March 2024,Yerevan
"Վարկային մասնագետ, ք․ Էջմիածին (Ագրովարկավորման բաժին)",AraratBank OJSC,24 March 2024,Vagharshapat
Մարքեթինգի մասնագետ,Ադամիում,23 March 2024,Yerevan
Construction manager,Test Company,23 March 2024,Yerevan
Customer Service Representative,ARMENIANS UNIFIED,23 March 2024,Yerevan                                            (Remote)
Construction manager,TEST COMPANY,22 March 2024,Yerevan
Administrative Officer,Դիակոնիա բարեգործական հիմնադրամ,23 March 2024,Yerevan
CRM Data Analyst,Թայմլես ՍՊԸ,23 March 2024,Yerevan
Գանձապահ,ABIO Garden Mall,23 March 2024,Abovyan
Ներքին դիտարկումների մասնագետ (ՓԼ/ԱՖ),Telcell,23 March 2024,Yerevan
Թվային ինտեգրման մասնագետ,Telcell,23 March 2024,Yerevan
Մերչենդայզեր,Telcell,23 March 2024,Yerevan
Marketing manager,INOGATE,22 March 2024,Yerevan
Հաշվապահական թիմի ղեկավար,Նյու Ֆորմ ՍՊԸ,22 March 2024,Yerevan
Sales Consultant,Hermosa Cosmetics & Perfumes,22 March 2024,Yerevan
Head of Finance,emater,23 March 2024,Yerevan
Senior Financial Controller,Partner Company,23 March 2024,Yerevan
1C ծրագրային պատասխանատու,Alpha Group,23 March 2024,Yerevan
Assistant to Chief Administrative Officer,Digitain,23 March 2024,Yerevan
Customer Service Representative,emater,23 March 2024,Yerevan
Digital Trade Engagement Lead,Philip Morris Armenia LLC,23 March 2024,Yerevan
Գանձապահ՝ «Մովսես Խորենացի» մասնաճյուղում՝ 09։00-18։00 աշխատաժամանակով,FastBank CJSC,23 March 2024,Yerevan
Գործառնական ռիսկերի կառավարման բաժնի մասնագետ,ՅՈՒՆԻԲԱՆԿ ԲԲԸ,23 March 2024,Yerevan
Հաշվետար,Mobile Centre,23 March 2024,Yerevan
Գործառնական ռիսկերի կառավարման բաժնի պետ,ՅՈՒՆԻԲԱՆԿ ԲԲԸ,23 March 2024,Yerevan
Վարկային ռիսկերի կառավարման բաժնի պետ,ՅՈՒՆԻԲԱՆԿ ԲԲԸ,23 March 2024,Yerevan
IT Project Manager,CREATIX,23 March 2024,Yerevan
Կորպորատիվ և ՓՄՁ վարկերի ռիսկերի կառավարման գծով մասնագետ,ՅՈՒՆԻԲԱՆԿ ԲԲԸ,23 March 2024,Yerevan
Seller-Consultant / Artashat,Mobile Centre,23 March 2024,Artashat
Մանրածախ վարկերի ռիսկերի կառավարման գծով մասնագետ,ՅՈՒՆԻԲԱՆԿ ԲԲԸ,23 March 2024,Yerevan
"ՀԱՅԷԿՈՆՈՄԲԱՆԿ ԲԲԸ մասնաճյուղերում ստաժոր //փորձնակ/ հաշվապահ-գանձապահ, վարկային մասնագետ/",ARMECONOMBANK OJSC,23 March 2024,Yerevan
Հյուրանոցի  գլխավոր մենեջեր,Eighty Eight Hotel and Spa,23 March 2024,Tsaghkadzor
B2B sales manager,MACH TECH,23 March 2024,Yerevan
Պահեստի որակի պատասխանատու,"""Նատալի Ֆարմ Դեղատուն՛՛ ՍՊԸ",22 March 2024,Yerevan
Менеджер эфира,Media Live,23 March 2024,Yerevan
Ադմինիստրատոր,Ավանտա նորարարական բժշկության կենտրոն,22 March 2024,Yerevan
“Kapan” Branch Business Development Manager,FINCA UCO CJSC,21 March 2024,Kapan
General Manager at PREPA,Galaxy Group of Companies,23 March 2024,Yerevan
Business Development Executive,SoftConstruct,22 March 2024,Yerevan
"Reporting, Budgeting and Financial Analysis Department Leading Specialist",FINCA UCO CJSC,21 March 2024,Yerevan
SMM Specialist,Tushpa Wine Cellar,23 March 2024,Yerevan                                            (Remote)
Վաճառքի թիմի մասնագետ,FINCA UCO CJSC,21 March 2024,Yerevan
Internal Control Leading/Senior Specialist,FINCA UCO CJSC,21 March 2024,Yerevan
Italian Language Instructor,Berlitz Language center,23 March 2024,Yerevan
CONSULTANT TO DRAFT ORGANIZATION'S STRATEGY,FPWC,23 March 2024,Yerevan
ASIC Physical Design Engineer / 48579BR,Synopsys Armenia,23 March 2024,Yerevan
Native/Near To Native German Speaker Instructor,Berlitz Language center,23 March 2024,Yerevan
Sales Manager,SOLARON,23 March 2024,Yerevan
“Komitas” Branch Leading/Senior Credit Officer/Business Development Manager,FINCA UCO CJSC,21 March 2024,Yerevan
“Agatangeghos” Branch Credit Officer/Business Development Manager,FINCA UCO CJSC,21 March 2024,Yerevan
Network Administrator,FINCA UCO CJSC,21 March 2024,Yerevan
Գնումների մասնագետ /տենդեր,Ռաֆ-Օջախ ՍՊԸ,23 March 2024,Yerevan
“Abovyan” Branch Credit Officer/Business Development Manager,FINCA UCO CJSC,21 March 2024,Abovyan
Գանձապահ «Աշտարակ» մասնաճյուղում,FINCA UCO CJSC,21 March 2024,Ashtarak
Quality Engineering Manager - 47125BR,Synopsys Armenia,23 March 2024,Yerevan
Senior Layout Design Engineer / 46442BR,Synopsys Armenia,23 March 2024,Yerevan
High-Speed Analog Design and Methodology Design Engineer / 46506BR,Synopsys Armenia,23 March 2024,Yerevan
Analog Design Engineer / 46216BR,Synopsys Armenia,23 March 2024,Yerevan
Analog Circuit Design Intern / 47440BR,Synopsys Armenia,23 March 2024,Yerevan
Business Systems Specialist,FINCA UCO CJSC,21 March 2024,Yerevan
Senior Database Administrator / 47286BR,Synopsys Armenia,23 March 2024,Yerevan
R&D Engineer-CAD / 47569BR,Synopsys Armenia,23 March 2024,Yerevan
Senior R&D Engineer / 47463BR,Synopsys Armenia,23 March 2024,Yerevan
Staff Analog Design Engineer / 47570BR,Synopsys Armenia,23 March 2024,Yerevan
Clinical Quality Assurance Assistant,NoyMed LLC,23 March 2024,Yerevan
Customer Support  Specialist (Turkish Language),MediaCountry,22 March 2024,Yerevan
Գանձապահ՝ «Էրեբունի» մասնաճյուղում՝ 10։00-19։00 աշխատաժամանակով,FastBank CJSC,23 March 2024,Yerevan
ՀԱՃԱԽՈՐԴՆԵՐԻ ՍՊԱՍԱՐԿՄԱՆ ՄԱՍՆԱԳԵՏ,Էվրի Դեյ ՓԲԸ,23 March 2024,Yerevan
Manual QA Specialist,Chartrics Software Solutions LLC,23 March 2024,Yerevan
Junior C# /.Net Developer,Chartrics Software Solutions LLC,23 March 2024,Yerevan
Հաշվառման և աշխատավարձերի հաշվարկման մասնագետ,Digitain,23 March 2024,Yerevan
HR Director,"""Max Station"" LLC",23 March 2024,Yerevan
Արտադրության 1C օպերատոր,Genacvale Tavern,23 March 2024,Yerevan
Strategy and Transactions Analyst at EY office in Yerevan,Ernst and Young CJSC (EY),23 March 2024,Yerevan
“Gyumri” Branch Credit Officer Business Development Manager,FINCA UCO CJSC,21 March 2024,Gyumri
Հաշվետար,Հայաստանի Հաշվապահների Ասոցիացիա,23 March 2024,Yerevan
Ֆիրմային խանութների պատասխանատու,Bacon Product LLC,23 March 2024,Arzni
Accountant,FinTax Accounting,22 March 2024,Yerevan
Operator of sales and service,SPGH LLC,22 March 2024,Yerevan
Retail Sales Specialist,Karcher LLC,21 March 2024,Yerevan
Construction manager,Test Company,22 March 2024,Yerevan
Կորպորատիվ վաճառքների մասնագետ / B2B sales manager,LanAr Service LLC,22 March 2024,Yerevan
React/React Native Developer,AOByte,22 March 2024,Yerevan
Associate,Legelata Law Firm,20 March 2024,Yerevan
Construction Project Manager,Green Rock Management Group,22 March 2024,Yerevan
Support Specialist (also Night Shift),gg,22 March 2024,Yerevan
Learning and Development Specialist,Մեգա Ֆուդ ՍՊԸ,22 March 2024,Yerevan
Գանձապահ Upay ընկերությունում / ք. Երևան /,Ucom,22 March 2024,Yerevan
Համակարգչային օպերատոր,Bella Casa,22 March 2024,Yerevan
Head of Finance and Operations,People in Need,22 March 2024,Yerevan
English Support Specialist,TT soft,22 March 2024,Yerevan
B2B հաճախորդների համակարգող,"""Telecom Armenia"" OJSC",22 March 2024,Yerevan
Fundraising and Donor Relations Officer,City of Smile Charitable Foundation,22 March 2024,Yerevan
Media Buyer Meta,Apptrust Sp z o. o.,22 March 2024,Wroclaw
Sales Manager,Gimex Co,22 March 2024,Yerevan
Վաճառքի վերլուծաբան,Alpha Group,21 March 2024,Yerevan
Project manager,Inecobank CJSC,21 March 2024,Yerevan
Head of PMO,Inecobank CJSC,21 March 2024,Yerevan
Ավտոմեխանիկ - ընթացային մասերի մասնագետ,EURO TRUCK LLC,22 March 2024,Yerevan
Ավտոմեխանիկ - Փոխանցման տուփի մասնագետ,EURO TRUCK LLC,22 March 2024,Yerevan
Ավտոմեխանիկ - Շարժիչի մասնագետ,EURO TRUCK LLC,22 March 2024,Yerevan
Շուկայի զարգացման պատասխանատու/ վաճառքի մենեջեր,Maisich Group,22 March 2024,Yerevan
Բոցամուղների ինժեներ մեխանիկ,EURO TRUCK LLC,22 March 2024,Yerevan
Պահեստի պատասխանատու,EURO TRUCK LLC,22 March 2024,Yerevan
Մաքսային ձևակերպումների մասնագետ,EURO TRUCK LLC,22 March 2024,Yerevan
Chief/Senior Accountant,META-X INVESTMENT COMPANY,22 March 2024,Yerevan
Spare Parts Specialist,EURO TRUCK LLC,22 March 2024,Yerevan
Sales Specialist,EURO TRUCK LLC,22 March 2024,Yerevan
Fraud Monitoring Specialist,SoftConstruct,22 March 2024,Yerevan
Electrical engineer,Operation & Maintenance Service LLC,22 March 2024,Yerevan
Customer Analytics Specialist,Digitain,22 March 2024,Yerevan
Customer Retention Specialist,Digitain,22 March 2024,Yerevan
Legal Counsel,SoftLand LLC,22 March 2024,Yerevan
Compliance Manager,SoftLand LLC,22 March 2024,Yerevan
Ներքին Հարդարման Աշխատանքների Ղեկավար,SoftConstruct,22 March 2024,Yerevan
Կորպորատիվ հաճախորդների ներգրավման մասնագետ,EFES,22 March 2024,Yerevan
Project Manager,SoftConstruct,22 March 2024,Yerevan
Secretary referent,EFES,22 March 2024,Yerevan
Մարքեթինգի մասնագետ,Alfa-Pharm CJSC,22 March 2024,Yerevan
Менеджер по продажам,Digital Caramel,21 March 2024,Yerevan
SMM specialist,Digi school,21 March 2024,Yerevan
Full Stack Software Engineer (NodeJS | ReactJS),Pogos LLC,21 March 2024,Yerevan
Learning Coach in Kajaran (part time),TUMO Center for Creative Technologies,21 March 2024,Kajaran
Corporate Business Development Unit Chief specialist,AMIO BANK,21 March 2024,Yerevan
Առևտրային գործակալ  /Preseller,Derjava,21 March 2024,Vanadzor
Medical Representative,DEMI PHARM LLC,21 March 2024,Yerevan
Travel Specialist,SoftConstruct,21 March 2024,Yerevan
Marketing and SMM specialist,DoubleTree by Hilton Yerevan City Centre,21 March 2024,Yerevan
Project manager,Lomano,20 March 2024,Yerevan
Chief Specialist of HR Operations and Analytics,AMIO BANK,21 March 2024,Yerevan
Մենեջերի օգնական,USAcars Armenia,20 March 2024,Yerevan
Mob App Team Coordinator,"""Mehrabyan  and Sons"" LLC",21 March 2024,Yerevan
B2B(KAM),"""Mehrabyan  and Sons"" LLC",21 March 2024,Yerevan
Trade Marketing Manager,"""Mehrabyan  and Sons"" LLC",21 March 2024,Yerevan
Mid+ Node.js Developer,CREATIX,21 March 2024,Yerevan
Marketing specialist.,LanAr Service LLC,20 March 2024,Yerevan
Շուկայի զարգացման պատասխանատու,Metagroup LLC,21 March 2024,Yerevan
Project Manager at Gituzh,The Gituzh Initiative,21 March 2024,Yerevan
CRM Specialist VBET,SoftConstruct,20 March 2024,Yerevan
Sales manager,ԱՐԹ-ԳՐՈՒՊ ՍՊԸ,21 March 2024,Yerevan
"Data Analyst, Investment Management Solution",DataArt Armenia,21 March 2024,Yerevan
Մատուցող (ուհի)։,ԱԿՈՒՄԲ 12 (Club 12),21 March 2024,Yerevan
Առևտրային վարկավորման վարչության Կորպորատիվ վարկերի տրամադրման բաժնի առաջատար մասնագետ,ARMECONOMBANK OJSC,21 March 2024,Yerevan
Senior Media Buyer,iBooben Development,21 March 2024,Yerevan
Office Manager,Weles Global LLC,21 March 2024,Yerevan
SMM Manager,Weles Global LLC,21 March 2024,Yerevan
Graphic Designer,Weles Global LLC,21 March 2024,Yerevan
Վաճառող խորհրդատու,Փռայմ Մոթորս ՍՊԸ,21 March 2024,Yerevan
Digital Marketing Specialist,BangIts,21 March 2024,Yerevan
Call Center Specialist,Foody,21 March 2024,Yerevan
Financial Internal Control Specialist,SoftConstruct,21 March 2024,Yerevan
Հաշվետար - Օպերատոր,Բ25 ՍՊԸ,21 March 2024,Yerevan
Leadership Development Program Participant,Teach For Armenia,21 March 2024,Armenia (All cities)
SENIOR LARAVEL DEVELOPER,M&D Systems LLC,21 March 2024,Yerevan
Call Center Specialist,AMIO BANK,21 March 2024,Yerevan
Ֆինանսական հաշվետվությունների և բյուջետավորման մասնագետ,"""Telecom Armenia"" OJSC",21 March 2024,Yerevan
Call Specialist of IT Sales Team,Ithire,21 March 2024,Yerevan
IT Project Manager Intern,Ithire,21 March 2024,Yerevan
Վաճառքի և սպասարկման կենտրոնի մասնագետ Մեղրի  քաղաքում,"""Telecom Armenia"" OJSC",21 March 2024,Meghri
Վաճառքի և սպասարկման կենտրոնի մասնագետ Մարտունի քաղաքում,"""Telecom Armenia"" OJSC",21 March 2024,Martuni
Junior Business Development Specialist,AeroDynamics,20 March 2024,Yerevan
Վաճառող-խորհրդատու,Reyma,20 March 2024,Yerevan
Courier by scooter,Drive Motors,20 March 2024,Yerevan
Business and Financial Analyst,Digitain,20 March 2024,Yerevan
Senior Cost Control Analyst,Digitain,20 March 2024,Yerevan
Payment Solutions Specialist,Digitain,20 March 2024,Yerevan
SME loan specialist,AMIO BANK,20 March 2024,Yerevan
Golang Developer,SoftConstruct,20 March 2024,Yerevan
UI/UX Designer / VBET,SoftConstruct,20 March 2024,Yerevan
Procurement specialist,Alfa-Pharm CJSC,20 March 2024,Yerevan
Pricing Specialist,Deluxe Technologies LLC,20 March 2024,Yerevan
Node. JS Developer,Addevice,20 March 2024,Yerevan
Գլխավոր տնօրենի օգնական,Bacon Product LLC,20 March 2024,Arzni
Վարկային մասնագետ /ք. Երևան/,ՅՈՒՆԻԲԱՆԿ ԲԲԸ,20 March 2024,Yerevan
Վարկավորման գծով սկսնակ,ՅՈՒՆԻԲԱՆԿ ԲԲԸ,20 March 2024,Yerevan
Վաճառքի մենեջեր,FMCG LLC,20 March 2024,Yerevan
"Մասնաճյուղի կառավարիչ /Վանաձորի, Արթիկի և Երևանի մասնաճյուղեր/",ՅՈՒՆԻԲԱՆԿ ԲԲԸ,20 March 2024,Yerevan
Technical Specialist,Galaxy Group of Companies,20 March 2024,Yerevan
"Սպառողական վարկավորման գծով գործակալ /Երևան, Արտաշատ, Գյումրի, Չարենցավան, Գավառ/",ՅՈՒՆԻԲԱՆԿ ԲԲԸ,20 March 2024,Yerevan
"Գանձապահ-մենեջեր սկսնակ /ք. Երևան, Արտաշատ, Գորիս, Գոգավան, Մխչյան, Զվարթնոց /",ՅՈՒՆԻԲԱՆԿ ԲԲԸ,20 March 2024,Yerevan
Ֆինանսիստ,Genacvale Tavern,20 March 2024,Yerevan
Մարկետոլոգ (վաճառքի վերլուծաբան),Գլոբալ Ռիթեյլ,20 March 2024,Yerevan
Electrician,Property Development Company,20 March 2024,Yerevan
Անձնակազմի կառավարման բաժնի մասնագետ,Hematology Center after Prof. R.H.Yeolyan,20 March 2024,Yerevan
Իրավաբանական անձանց հետ համագործակցության և պետ․ պատվերի համակարգման մասնագետ,Hematology Center after Prof. R.H.Yeolyan,20 March 2024,Yerevan
Junior Financier,4u.am,20 March 2024,Yerevan
"Account Manager (Arabic, Turkish, English )",CreedRoomz,20 March 2024,Yerevan
Իրավախորհրդատու,"""Telecom Armenia"" OJSC",20 March 2024,Yerevan
Account Manager (English and Russian languages),CreedRoomz,20 March 2024,Yerevan
Специалист по контролю качества эфира,Media Live,20 March 2024,Yerevan
Վարորդ (սեփական ուղևորաբեռնատար մեքենայով) ք․ Սևան,Ucom,20 March 2024,Sevan
Waiter/Waitress,Nova Hotel Yerevan,20 March 2024,Yerevan
Personal Assistant,ProjectEVN,20 March 2024,Yerevan
Англоязычная Game Presenter,Media Live,20 March 2024,Yerevan
"Full-Time Faculty and Director of the Center of Excellence in Journalism, College of Humanities and Social Sciences (CHSS)",American University of Armenia Fund,20 March 2024,Yerevan
"Full-Time Faculty and Inaugural Chair, MA Program in Journalism, College of Humanities and Social Sciences (CHSS)",American University of Armenia Fund,20 March 2024,Yerevan
Junior accountant,Step Consulting LLC,20 March 2024,Yerevan
Mid/Senior Graphic and Web designer,SarVia Tech,20 March 2024,Yerevan
Finance Specialist,NoyMed LLC,19 March 2024,Yerevan
QA Engineer,Nork Technology Center,20 March 2024,Yerevan
Sales Specialist,TenIT,20 March 2024,Yerevan
HR менеджер (Support),“Digital Line” Limited Liability Company,20 March 2024,Yerevan
Sales Manager,Jellyfish Yerevan,20 March 2024,Yerevan
Seller-Consultant / Alaverdi,Mobile Centre,20 March 2024,Alaverdi
Head of B2B (Business-to-Business),Globbing,20 March 2024,Yerevan
Senior sales manager,Freedom Broker Armenia,20 March 2024,Yerevan
Analyst,Freedom Broker Armenia,20 March 2024,Yerevan
Sales Manager,Freedom Broker Armenia,20 March 2024,Yerevan
Ցանցի կառուցման տեխնիկ ք․ Արմավիր,Ucom,20 March 2024,Armavir
«Չարենցավան»  մասնաճյուղի կառավարիչ,FastBank CJSC,20 March 2024,Yerevan
Procurement Manager for F&B,Galaxy Group of Companies,20 March 2024,Yerevan
Կահույքի Չափագրող Դիզայներ,MoDante Furniture,19 March 2024,Yerevan
Sales Manager (French-speaking),SOFT CONSULTING,19 March 2024,Yerevan
Sales Manager (Arabic-speaking),SOFT CONSULTING,19 March 2024,Yerevan
